"occ_code","occ_title","current_employment","annual_openings","projected_growth_pct","annual_mean_wage","median_wage","entry_edu","opportunity_label","opportunity_score"
"31-1120","Home Health and Personal Care Aides",4305810,765800,17,36120,34900,"High school diploma or equivalent","High Opportunity",629.5
"35-3023","Fast Food and Counter Workers",3854050,904300,6.1,32150,30480,"No formal educational credential","Moderate Opportunity",603.6
"49-9081","Wind Turbine Service Technicians",9980,2300,49.9,68980,62580,"Postsecondary nondegree award","Stable",500.4
"47-2231","Solar Photovoltaic Installers",31350,4100,42.1,57900,51860,"High school diploma or equivalent","Stable",423.5
"29-1171","Nurse Practitioners",323040,29500,40.1,137300,129210,"Master's degree","Moderate Opportunity",418.7
"53-7065","Stockers and Order Fillers",2833810,472300,8.5,39540,37090,"No formal educational credential","Moderate Opportunity",368.4
"15-2051","Data Scientists",262440,23400,33.5,126800,112590,"Bachelor's degree","Stable",349.0
"41-2031","Retail Salespersons",3897860,555800,-0.5,37310,34580,"No formal educational credential","Low Opportunity",328.5
"35-2014","Cooks, Restaurant",1409890,250700,14.9,38730,36830,"No formal educational credential","High Opportunity",299.4
"15-1212","Information Security Analysts",190650,16000,28.5,132510,124910,"Bachelor's degree","Stable",294.6
"35-3031","Waiters and Waitresses",2270910,456700,-0.7,40060,33760,"No formal educational credential","Low Opportunity",267.0
"53-7062","Laborers and Freight, Stock, and Material Movers, Hand",2950280,384300,1.5,42260,38940,"No formal educational credential","Stable",245.6
"31-2021","Physical Therapist Assistants",112430,19800,22,68730,65510,"Associate's degree","Stable",231.9
"37-2011","Janitors and Cleaners, Except Maids and Housekeeping Cleaners",2209760,351300,2,38760,35930,"No formal educational credential","Stable",230.8
"11-1021","General and Operations Managers",3503020,308700,4.4,134940,102950,"Bachelor's degree","Stable",229.2
"15-1252","Software Developers",1687890,115200,15.8,148100,133080,"Bachelor's degree","High Opportunity",227.1
"41-2011","Cashiers",3089410,542600,-9.9,33180,31190,"No formal educational credential","Declining",226.6
"15-2031","Operations Research Analysts",108510,9600,21.5,99730,91290,"Bachelor's degree","Stable",220.8
"15-2011","Actuaries",26670,2400,21.8,141480,125770,"Bachelor's degree","Stable",219.4
"29-1071","Physician Assistants",162150,12000,20.4,141280,133260,"Master's degree","Stable",211.2
"29-2053","Psychiatric Technicians",156960,15900,20,46610,42590,"Postsecondary nondegree award","Stable",209.5
"29-2057","Ophthalmic Medical Technicians",71010,12500,19.8,47060,44080,"Postsecondary nondegree award","Stable",205.5
"15-1221","Computer and Information Research Scientists",37200,3200,19.7,153930,140910,"Master's degree","Stable",198.9
"21-1018","Substance Abuse, Behavioral Disorder, and Mental Health Counselors",491930,48300,16.8,64440,59190,"Master's degree","Moderate Opportunity",197.0
"31-2011","Occupational Therapy Assistants",51290,7200,19.2,70710,68340,"Associate's degree","Stable",196.3
"31-9092","Medical Assistants",817870,112300,12.5,46120,44200,"Postsecondary nondegree award","High Opportunity",192.4
"25-1071","Health Specialties Teachers, Postsecondary",221270,27400,17.3,147570,105620,"Doctoral or professional degree","Moderate Opportunity",189.4
"49-9041","Industrial Machinery Mechanics",439640,45700,16.1,68460,63760,"High school diploma or equivalent","Moderate Opportunity",188.4
"13-2061","Financial Examiners",67830,5700,18.5,106240,90400,"Bachelor's degree","Stable",188.4
"29-2092","Hearing Aid Specialists",11270,1000,18.4,66370,61560,"High school diploma or equivalent","Stable",184.6
"13-1081","Logisticians",251040,26400,16.7,89730,80880,"Bachelor's degree","Moderate Opportunity",182.8
"53-3032","Heavy and Tractor-Trailer Truck Drivers",2062040,237600,4,59710,57440,"Postsecondary nondegree award","Stable",182.6
"25-1072","Nursing Instructors and Teachers, Postsecondary",77960,8600,16.8,86410,79940,"Doctoral or professional degree","Stable",173.2
"35-1012","First-Line Supervisors of Food Preparation and Serving Workers",1223240,183900,6,46180,42010,"High school diploma or equivalent","Moderate Opportunity",170.3
"31-9011","Massage Therapists",98790,24700,15.4,63830,57950,"Postsecondary nondegree award","Stable",168.8
"39-2021","Animal Caretakers",266910,74600,12.1,37300,33470,"High school diploma or equivalent","High Opportunity",165.8
"39-9031","Exercise Trainers and Group Fitness Instructors",322930,74200,11.9,52420,46180,"High school diploma or equivalent","High Opportunity",163.5
"19-1041","Epidemiologists",12090,800,16.2,97890,83980,"Master's degree","Stable",162.5
"29-1141","Registered Nurses",3379720,189100,4.9,101420,93600,"Bachelor's degree","Stable",162.5
"29-1127","Speech-Language Pathologists",183390,13300,15,98170,95410,"Master's degree","Stable",158.0
"47-2061","Construction Laborers",1096780,129400,7.3,52030,46730,"No formal educational credential","Moderate Opportunity",150.6
"43-4051","Customer Service Representatives",2595750,341700,-5.5,46590,42830,"High school diploma or equivalent","Declining",150.0
"29-9021","Health Information Technologists and Medical Registrars",38100,3200,14.7,74970,67310,"Associate's degree","Stable",148.9
"13-1111","Management Analysts",898280,98100,8.8,113790,101190,"Bachelor's degree","Moderate Opportunity",146.9
"33-2022","Forest Fire Inspectors and Prevention Specialists",2780,300,14.6,66640,52380,"High school diploma or equivalent","Stable",146.2
"31-1131","Nursing Assistants",1448910,204100,2.3,42700,39530,"Postsecondary nondegree award","Stable",145.5
"53-3033","Light Truck Drivers",983300,120200,7.3,48770,44140,"High school diploma or equivalent","Moderate Opportunity",145.1
"29-1122","Occupational Therapists",162450,10200,13.8,101280,98340,"Master's degree","Stable",144.1
"47-2111","Electricians",757220,81000,9.5,71490,62350,"High school diploma or equivalent","Moderate Opportunity",143.6
"35-3011","Bartenders",756390,129600,5.9,40790,33530,"No formal educational credential","Moderate Opportunity",136.8
"13-1151","Training and Development Specialists",458300,43900,10.8,75550,65850,"Bachelor's degree","Moderate Opportunity",134.3
"49-9071","Maintenance and Repair Workers, General",1529700,159800,3.8,53780,48620,"High school diploma or equivalent","Stable",133.9
"19-5011","Occupational Health and Safety Specialists",140610,14900,12.5,93860,83910,"Bachelor's degree","Stable",133.9
"29-2091","Orthotists and Prosthetists",9390,900,13.3,83740,78310,"Master's degree","Stable",133.5
"29-2032","Diagnostic Medical Sonographers",90160,5800,13,97240,89340,"Associate's degree","Stable",133.5
"49-9062","Medical Equipment Repairers",65990,7300,12.9,65930,62630,"Associate's degree","Stable",133.4
"37-3011","Landscaping and Groundskeeping Workers",952640,158200,3.6,42290,38090,"No formal educational credential","Stable",130.9
"21-1013","Marriage and Family Therapists",66740,7700,12.6,76960,63780,"Master's degree","Stable",130.6
"21-1019","Counselors, All Other",28580,7400,12.6,58210,49830,"Master's degree","Stable",130.4
"51-9162","Computer Numerically Controlled Tool Programmers",28500,3100,12.8,72210,65670,"Postsecondary nondegree award","Stable",129.9
"19-4092","Forensic Science Technicians",19120,2900,12.8,79200,67440,"Bachelor's degree","Stable",129.7
"29-1126","Respiratory Therapists",139790,8800,12.1,87300,80450,"Associate's degree","Stable",126.3
"15-1241","Computer Network Architects",179740,11200,11.9,139580,130390,"Bachelor's degree","Stable",125.7
"17-2112","Industrial Engineers",365740,25200,11,109900,101140,"Bachelor's degree","Moderate Opportunity",125.1
"53-3054","Taxi Drivers",41050,22600,11.1,49930,36220,"No formal educational credential","Stable",124.6
"35-9011","Dining Room and Cafeteria Attendants and Bartender Helpers",542750,99600,6.3,34230,32670,"No formal educational credential","Moderate Opportunity",122.8
"13-2011","Accountants and Auditors",1449500,124200,4.6,94750,81680,"Bachelor's degree","Stable",120.5
"37-2012","Maids and Housekeeping Cleaners",860670,193500,0.4,37080,34660,"No formal educational credential","Stable",120.1
"13-1161","Market Research Analysts and Marketing Specialists",899580,87200,6.7,89490,76950,"Bachelor's degree","Moderate Opportunity",119.3
"53-3031","Driver/Sales Workers",409180,51300,8.8,40730,37130,"High school diploma or equivalent","Moderate Opportunity",118.8
"21-1094","Community Health Workers",61660,7800,11.3,56180,51030,"High school diploma or equivalent","Stable",117.7
"29-1129","Therapists, All Other",22640,4100,11.5,90420,65010,"Bachelor's degree","Stable",117.5
"29-1123","Physical Therapists",267330,13200,10.9,105280,101020,"Doctoral or professional degree","Stable",116.9
"49-3092","Recreational Vehicle Service Technicians",17430,2800,11.5,56440,50540,"High school diploma or equivalent","Stable",116.7
"49-9011","Mechanical Door Repairers",27120,2700,11.4,57540,51050,"High school diploma or equivalent","Stable",115.6
"19-3033","Clinical and Counseling Psychologists",75990,4800,11.2,112750,95830,"Doctoral or professional degree","Stable",114.9
"29-9091","Athletic Trainers",30500,2400,11.1,66620,60250,"Master's degree","Stable",112.4
"49-3041","Farm Equipment Mechanics and Service Technicians",37870,3700,11,57290,52080,"High school diploma or equivalent","Stable",112.2
"51-9141","Semiconductor Processing Technicians",31460,3900,10.9,60180,51180,"High school diploma or equivalent","Stable",111.3
"29-1161","Nurse Midwives",7920,500,11.1,136980,128790,"Master's degree","Stable",111.3
"13-1071","Human Resources Specialists",912430,81800,6.2,81990,72910,"Bachelor's degree","Moderate Opportunity",111.1
"13-2052","Personal Financial Advisors",266800,24100,9.6,156670,102140,"Bachelor's degree","Stable",110.5
"49-2098","Security and Fire Alarm Systems Installers",86340,9400,10.4,60960,59300,"High school diploma or equivalent","Stable",109.6
"15-1253","Software Quality Assurance Analysts and Testers",186740,14000,10,111490,102610,"Bachelor's degree","Stable",108.4
"15-1211","Computer Systems Analysts",519530,34200,8.7,114610,103790,"Bachelor's degree","Moderate Opportunity",107.5
"31-9093","Medical Equipment Preparers",77420,10900,10,50510,46490,"High school diploma or equivalent","Stable",106.5
"43-6014","Secretaries and Administrative Assistants, Except Legal, Medical, and Executive",1706790,202800,-1.6,49350,46290,"High school diploma or equivalent","Low Opportunity",105.7
"49-9021","Heating, Air Conditioning, and Refrigeration Mechanics and Installers",409670,40100,8.1,64780,59810,"Postsecondary nondegree award","Moderate Opportunity",105.1
"21-1023","Mental Health and Substance Abuse Social Workers",132810,13500,9.7,68030,60060,"Master's degree","Stable",105.1
"41-3091","Sales Representatives of Services, Except Advertising, Insurance, Financial Services, and Travel",1256010,123000,3.1,82430,66260,"High school diploma or equivalent","Stable",104.8
"53-2031","Flight Attendants",131650,19800,9.2,77440,67130,"High school diploma or equivalent","Stable",103.9
"47-2044","Tile and Stone Setters",35850,4200,10.1,59250,52240,"No formal educational credential","Stable",103.5
"13-1082","Project Management Specialists",1066670,78200,5.6,110740,100750,"Bachelor's degree","Moderate Opportunity",102.9
"43-9061","Office Clerks, General",2464940,282400,-6.7,46420,43630,"High school diploma or equivalent","Declining",102.4
"17-2141","Mechanical Engineers",296810,18100,9.1,113610,102320,"Bachelor's degree","Stable",101.9
"39-5012","Hairdressers, Hairstylists, and Cosmetologists",305710,75800,5.6,43960,35250,"Postsecondary nondegree award","Moderate Opportunity",101.5
"15-1299","Computer Occupations, All Other",435370,31300,8.2,122230,108970,"Bachelor's degree","Moderate Opportunity",100.8
"33-9032","Security Guards",1283470,161000,0.4,42470,38370,"High school diploma or equivalent","Stable",100.6
"31-9096","Veterinary Assistants and Laboratory Animal Caretakers",126580,22200,8.7,40340,37320,"High school diploma or equivalent","Stable",100.3
"29-2056","Veterinary Technologists and Technicians",129140,14300,9.1,49120,45980,"Associate's degree","Stable",99.6
"43-5021","Couriers and Messengers",68640,27900,8.2,40970,38340,"High school diploma or equivalent","Moderate Opportunity",98.7
"29-1131","Veterinarians",83900,3000,9.6,142680,125510,"Doctoral or professional degree","Stable",97.8
"47-1011","First-Line Supervisors of Construction Trades and Extraction Workers",812210,74400,5.3,86450,78690,"High school diploma or equivalent","Moderate Opportunity",97.6
"29-1011","Chiropractors",39630,2800,9.5,90520,79000,"Doctoral or professional degree","Stable",96.7
"47-2042","Floor Layers, Except Carpet, Wood, and Hard Tiles",23640,2700,9.5,61760,54340,"No formal educational credential","Stable",96.6
"29-1128","Exercise Physiologists",8560,1700,9.5,60940,58160,"Bachelor's degree","Stable",96.0
"31-9091","Dental Assistants",387790,52900,6.4,50200,47300,"Postsecondary nondegree award","Moderate Opportunity",95.7
"39-3091","Amusement and Recreation Attendants",397830,102400,3.4,32640,30490,"No formal educational credential","Stable",95.4
"29-1181","Audiologists",13660,700,9.5,97740,92120,"Doctoral or professional degree","Stable",95.4
"13-1199","Business Operations Specialists, All Other",1087090,108200,3,93970,81270,"Bachelor's degree","Stable",94.9
"21-1093","Social and Human Service Assistants",437860,50600,6.4,47690,45120,"High school diploma or equivalent","Moderate Opportunity",94.4
"43-6013","Medical Secretaries and Administrative Assistants",961610,85900,4.2,46800,44640,"High school diploma or equivalent","Stable",93.5
"29-2052","Pharmacy Technicians",471680,49000,6.4,46620,43460,"High school diploma or equivalent","Moderate Opportunity",93.4
"29-9092","Genetic Counselors",3740,300,9.3,104620,98910,"Master's degree","Stable",93.2
"51-2090","Miscellaneous Assemblers and Fabricators",1405030,156300,-0.1,46660,42210,"High school diploma or equivalent","Low Opportunity",92.8
"19-1042","Medical Scientists, Except Epidemiologists",172340,9600,8.7,116840,100590,"Doctoral or professional degree","Stable",92.8
"43-5011","Cargo and Freight Agents",97670,8800,8.5,57230,49900,"High school diploma or equivalent","Stable",90.3
"47-2031","Carpenters",670090,74100,4.5,65630,59310,"High school diploma or equivalent","Stable",89.5
"15-1243","Database Architects",67140,4000,8.7,144440,135980,"Bachelor's degree","Stable",89.4
"13-1020","Buyers and Purchasing Agents",491430,52200,5.8,83770,75650,"Bachelor's degree","Moderate Opportunity",89.3
"27-2022","Coaches and Scouts",248950,41800,6.4,60160,45920,"Bachelor's degree","Moderate Opportunity",89.1
"53-3053","Shuttle Drivers and Chauffeurs",248530,36300,6.7,39880,36670,"No formal educational credential","Moderate Opportunity",88.8
"39-7010","Tour and Travel Guides",53500,13000,8.1,43720,36660,"High school diploma or equivalent","Stable",88.8
"13-1011","Agents and Business Managers of Artists, Performers, and Athletes",12620,2200,8.7,141580,96310,"Bachelor's degree","Stable",88.3
"21-1022","Healthcare Social Workers",187630,18400,7.7,71790,68090,"Master's degree","Stable",88.0
"29-1151","Nurse Anesthetists",51840,2700,8.6,248320,223210,"Master's degree","Stable",87.6
"25-9045","Teaching Assistants, Except Postsecondary",1420350,170400,-1.5,38290,35240,"Some college, no degree","Low Opportunity",87.2
"19-5012","Occupational Health and Safety Technicians",30590,3400,8.5,68120,58440,"High school diploma or equivalent","Stable",87.0
"49-2021","Radio, Cellular, and Tower Equipment Installers and Repairers",11140,1200,8.6,69870,64190,"Associate's degree","Stable",86.7
"15-2041","Statisticians",29030,2000,8.5,115700,103300,"Master's degree","Stable",86.2
"35-1011","Chefs and Head Cooks",200040,24400,7.1,66700,60990,"High school diploma or equivalent","Stable",85.6
"49-9092","Commercial Divers",3450,400,8.5,88320,61130,"Postsecondary nondegree award","Stable",85.2
"39-5092","Manicurists and Pedicurists",152770,24800,7,38570,34660,"Postsecondary nondegree award","Stable",84.9
"49-3023","Automotive Service Technicians and Mechanics",704640,70000,4.2,56420,49670,"Postsecondary nondegree award","Stable",84.0
"43-1011","First-Line Supervisors of Office and Administrative Support Workers",1436680,144500,-0.3,73490,66140,"High school diploma or equivalent","Low Opportunity",83.7
"33-9092","Lifeguards, Ski Patrol, and Other Recreational Protective Service Workers",157550,42700,5.8,34470,33720,"No formal educational credential","Moderate Opportunity",83.6
"51-3092","Food Batchmakers",174520,24200,6.9,43750,40790,"High school diploma or equivalent","Stable",83.5
"25-1032","Engineering Teachers, Postsecondary",40270,4100,8.1,124520,106120,"Doctoral or professional degree","Stable",83.5
"45-2091","Agricultural Equipment Operators",28500,10500,7.7,43710,42580,"No formal educational credential","Stable",83.3
"49-2091","Avionics Technicians",18830,1800,8.2,83380,81390,"Postsecondary nondegree award","Stable",83.1
"39-9032","Recreation Workers",331490,68100,4.1,38520,35380,"High school diploma or equivalent","Stable",81.9
"39-5091","Makeup Artists, Theatrical and Performance",2340,1100,8.1,102240,50280,"Postsecondary nondegree award","Stable",81.7
"17-3021","Aerospace Engineering and Operations Technologists and Technicians",11280,900,8.1,91310,79830,"Associate's degree","Stable",81.5
"29-1041","Optometrists",42790,2400,8,141550,134830,"Doctoral or professional degree","Stable",81.4
"25-2011","Preschool Teachers, Except Special Education",478780,65500,4.1,43030,37120,"Associate's degree","Stable",80.3
"51-3011","Bakers",236200,39900,5.6,38480,36650,"No formal educational credential","Moderate Opportunity",79.9
"29-2072","Medical Records Specialists",194720,14200,7.1,56790,50250,"Postsecondary nondegree award","Stable",79.5
"29-1292","Dental Hygienists",222740,15300,7,98990,94260,"Associate's degree","Stable",79.2
"17-2071","Electrical Engineers",198750,11700,7.2,125100,111910,"Bachelor's degree","Stable",79.0
"15-1254","Web Developers",70190,5400,7.5,98770,90930,"Bachelor's degree","Stable",78.2
"47-4071","Septic Tank Servicers and Sewer Pipe Cleaners",30650,2900,7.6,53500,49140,"High school diploma or equivalent","Stable",77.7
"43-4171","Receptionists and Information Clerks",910180,128500,0,39460,37230,"High school diploma or equivalent","Low Opportunity",77.1
"39-1022","First-Line Supervisors of Personal Service Workers",114110,16300,6.7,52360,47080,"High school diploma or equivalent","Stable",76.8
"25-1042","Biological Science Teachers, Postsecondary",50190,5400,7.3,102840,83460,"Doctoral or professional degree","Stable",76.2
"17-2061","Computer Hardware Engineers",76660,4700,7.3,162670,155020,"Bachelor's degree","Stable",75.8
"39-5094","Skincare Specialists",72890,14500,6.7,51850,41560,"Postsecondary nondegree award","Stable",75.7
"15-1255","Web and Digital Interface Designers",113330,9100,7,117490,98090,"Bachelor's degree","Stable",75.5
"53-1047","First-Line Supervisors of Transportation and Material Moving Workers, Except Aircraft Cargo Handling Supervisors",623640,61300,3.7,66860,61890,"High school diploma or equivalent","Stable",73.8
"39-9099","Personal Care and Service Workers, All Other",60420,16100,6.4,40120,37900,"High school diploma or equivalent","Stable",73.7
"51-6011","Laundry and Dry-Cleaning Workers",198040,31900,5.4,34920,33800,"No formal educational credential","Moderate Opportunity",73.1
"35-9099","Food Preparation and Serving Related Workers, All Other",84630,14600,6.4,36810,34830,"No formal educational credential","Stable",72.8
"53-7061","Cleaners of Vehicles and Equipment",380430,56200,3.9,36980,35270,"No formal educational credential","Stable",72.7
"29-2035","Magnetic Resonance Imaging Technologists",43390,2600,7.1,96120,88180,"Associate's degree","Stable",72.6
"51-9193","Cooling and Freezing Equipment Operators and Tenders",6900,800,7.2,44940,40160,"High school diploma or equivalent","Stable",72.5
"49-9051","Electrical Power-Line Installers and Repairers",131070,10700,6.6,91970,92560,"High school diploma or equivalent","Stable",72.4
"51-9111","Packaging and Filling Machine Operators and Tenders",379060,45300,4.5,44590,40900,"High school diploma or equivalent","Stable",72.2
"13-2051","Financial and Investment Analysts",361980,25100,5.7,116800,101350,"Bachelor's degree","Moderate Opportunity",72.1
"41-4012","Sales Representatives, Wholesale and Manufacturing, Except Technical and Scientific Products",1238190,114800,0.3,82530,66780,"High school diploma or equivalent","Stable",71.9
"47-2152","Plumbers, Pipefitters, and Steamfitters",465840,44000,4.5,72170,62970,"High school diploma or equivalent","Stable",71.4
"25-4012","Curators",12150,1800,7,71560,61770,"Master's degree","Stable",71.1
"39-1014","First-Line Supervisors of Entertainment and Recreation Workers, Except Gambling Services",103190,13400,6.3,53550,46900,"High school diploma or equivalent","Stable",71.0
"29-1291","Acupuncturists",7830,900,6.8,87020,78140,"Master's degree","Stable",68.5
"13-2054","Financial Risk Specialists",63850,4800,6.5,124420,106000,"Bachelor's degree","Stable",67.9
"49-3042","Mobile Heavy Equipment Mechanics, Except Engines",176600,16500,5.8,69240,63980,"High school diploma or equivalent","Stable",67.9
"25-3021","Self-Enrichment Teachers",332110,51400,3.7,54740,45590,"High school diploma or equivalent","Stable",67.8
"49-2097","Audiovisual Equipment Installers and Repairers",19780,2600,6.6,57930,50620,"Postsecondary nondegree award","Stable",67.6
"39-9011","Childcare Workers",518910,160200,-2.9,35030,32050,"High school diploma or equivalent","Low Opportunity",67.1
"31-9097","Phlebotomists",143540,18400,5.6,45520,43660,"Postsecondary nondegree award","Stable",67.0
"53-3099","Motor Vehicle Operators, All Other",46880,11100,6,42430,36260,"No formal educational credential","Stable",66.7
"47-2181","Roofers",135490,12700,5.9,58140,50970,"No formal educational credential","Stable",66.6
"39-3093","Locker Room, Coatroom, and Dressing Room Attendants",15560,4200,6.4,38460,34800,"High school diploma or equivalent","Stable",66.5
"49-3093","Tire Repairers and Changers",108410,15300,5.7,40170,37120,"High school diploma or equivalent","Stable",66.2
"51-3022","Meat, Poultry, and Fish Cutters and Trimmers",145700,18400,5.5,39280,37700,"No formal educational credential","Stable",66.0
"19-1012","Food Scientists and Technologists",13060,1200,6.5,95360,85310,"Bachelor's degree","Stable",65.7
"17-2072","Electronics Engineers, Except Computer",96900,5700,6.2,137280,127590,"Bachelor's degree","Stable",65.4
"51-9195","Molders, Shapers, and Casters, Except Metal and Plastic",33190,5500,6.2,47500,45690,"High school diploma or equivalent","Stable",65.3
"41-3021","Insurance Sales Agents",479100,47000,3.7,81480,60370,"High school diploma or equivalent","Stable",65.2
"27-3031","Public Relations Specialists",283380,27600,4.8,84120,69780,"Bachelor's degree","Stable",64.6
"17-1021","Cartographers and Photogrammetrists",14260,1000,6.4,86690,78380,"Bachelor's degree","Stable",64.6
"29-1213","Dermatologists",11370,400,6.4,323530,NULL,"Doctoral or professional degree","Stable",64.2
"17-2051","Civil Engineers",367840,23600,5,108670,99590,"Bachelor's degree","Stable",64.2
"51-2028","Electrical, Electronic, and Electromechanical Assemblers, Except Coil Winders, Tapers, and Finishers",246970,29600,4.6,47660,44040,"High school diploma or equivalent","Stable",63.8
"17-2011","Aerospace Engineers",67710,4500,6.1,142060,134830,"Bachelor's degree","Stable",63.7
"43-4081","Hotel, Motel, and Resort Desk Clerks",261420,43600,3.7,35550,34270,"High school diploma or equivalent","Stable",63.2
"33-3051","Police and Sheriff's Patrol Officers",670520,53700,3.1,79200,76290,"High school diploma or equivalent","Stable",63.2
"19-3032","Industrial-Organizational Psychologists",790,400,6.3,170230,109840,"Master's degree","Stable",63.2
"27-2099","Entertainers and Performers, Sports and Related Workers, All Other",16550,4400,6,NULL,NULL,"No formal educational credential","Stable",62.6
"49-1011","First-Line Supervisors of Mechanics, Installers, and Repairers",617500,52400,3.1,85220,78300,"High school diploma or equivalent","Stable",62.4
"33-9021","Private Detectives and Investigators",35580,3900,6,60150,52370,"High school diploma or equivalent","Stable",62.3
"25-1011","Business Teachers, Postsecondary",82150,8100,5.7,114720,97270,"Doctoral or professional degree","Stable",61.9
"35-2012","Cooks, Institution and Cafeteria",441050,69700,2,38810,36450,"No formal educational credential","Stable",61.8
"49-3051","Motorboat Mechanics and Service Technicians",23220,2600,6,58070,54950,"High school diploma or equivalent","Stable",61.6
"29-1223","Psychiatrists",27980,900,6.1,269940,NULL,"Doctoral or professional degree","Stable",61.5
"27-2032","Choreographers",2860,700,6.1,73100,55600,"High school diploma or equivalent","Stable",61.4
"49-2093","Electrical and Electronics Installers and Repairers, Transportation Equipment",6940,600,6.1,83300,82730,"Postsecondary nondegree award","Stable",61.4
"47-2073","Operating Engineers and Other Construction Equipment Operators",478090,41900,3.6,66290,58710,"High school diploma or equivalent","Stable",61.1
"13-1074","Farm Labor Contractors",310,300,6,58470,48690,"No formal educational credential","Stable",60.2
"29-2099","Health Technologists and Technicians, All Other",182610,13600,5.2,58710,48790,"Postsecondary nondegree award","Stable",60.2
"39-3092","Costume Attendants",6510,1800,5.9,63440,54810,"High school diploma or equivalent","Stable",60.1
"23-1011","Lawyers",754500,31500,4.1,185840,151160,"Doctoral or professional degree","Stable",59.9
"27-2023","Umpires, Referees, and Other Sports Officials",15780,4600,5.7,53010,38820,"High school diploma or equivalent","Stable",59.8
"19-1021","Biochemists and Biophysicists",33830,2900,5.8,129840,103650,"Doctoral or professional degree","Stable",59.7
"29-2042","Emergency Medical Technicians",180510,14100,5.1,46830,41340,"Postsecondary nondegree award","Stable",59.5
"41-2021","Counter and Rental Clerks",400810,45900,3.2,45700,38540,"No formal educational credential","Stable",59.5
"49-9095","Manufactured Building and Mobile Home Installers",3020,300,5.9,45410,41080,"High school diploma or equivalent","Stable",59.2
"17-2021","Agricultural Engineers",1480,100,5.9,108230,84630,"Bachelor's degree","Stable",59.1
"35-3041","Food Servers, Nonrestaurant",293900,48000,3,36140,34460,"No formal educational credential","Stable",58.8
"29-1031","Dietitians and Nutritionists",77570,6200,5.5,77130,73850,"Bachelor's degree","Stable",58.7
"29-2061","Licensed Practical and Licensed Vocational Nurses",648410,54400,2.6,67050,62340,"Postsecondary nondegree award","Stable",58.6
"17-2121","Marine Engineers and Naval Architects",8250,600,5.8,124180,105670,"Bachelor's degree","Stable",58.4
"13-1141","Compensation, Benefits, and Job Analysis Specialists",112380,8500,5.3,84330,77020,"Bachelor's degree","Stable",58.1
"19-1011","Animal Scientists",3100,200,5.8,88350,79120,"Bachelor's degree","Stable",58.1
"41-9031","Sales Engineers",51790,5000,5.5,130140,121520,"Bachelor's degree","Stable",58.0
"17-2131","Materials Engineers",22770,1500,5.7,120250,108310,"Bachelor's degree","Stable",57.9
"47-3016","Helpers--Roofers",6030,600,5.7,45150,40590,"No formal educational credential","Stable",57.4
"13-1121","Meeting, Convention, and Event Planners",142860,15500,4.8,66520,59440,"Bachelor's degree","Stable",57.3
"35-2019","Cooks, All Other",19350,3700,5.5,39150,36210,"No formal educational credential","Stable",57.2
"37-2021","Pest Control Workers",102620,13400,4.9,46400,44730,"High school diploma or equivalent","Stable",57.0
"51-3099","Food Processing Workers, All Other",65000,6500,5.3,40300,38420,"No formal educational credential","Stable",56.9
"53-7051","Industrial Truck and Tractor Operators",774420,76400,1.1,48370,46390,"No formal educational credential","Stable",56.8
"27-2012","Producers and Directors",143120,12800,4.9,113300,83480,"Bachelor's degree","Stable",56.7
"39-5093","Shampooers",8070,2700,5.5,31980,31470,"No formal educational credential","Stable",56.6
"27-2021","Athletes and Sports Competitors",15070,2100,5.5,206180,62360,"No formal educational credential","Stable",56.3
"11-1011","Chief Executives",204350,22200,4.3,269630,206420,"Bachelor's degree","Stable",56.3
"49-2095","Electrical and Electronics Repairers, Powerhouse, Substation, and Relay",20720,2000,5.5,100760,100940,"Postsecondary nondegree award","Stable",56.2
"41-3031","Securities, Commodities, and Financial Services Sales Agents",489570,38100,3.3,109150,78140,"Bachelor's degree","Stable",55.9
"53-3052","Bus Drivers, Transit and Intercity",159240,20900,4.3,60280,57440,"High school diploma or equivalent","Stable",55.5
"39-2011","Animal Trainers",18770,7100,5.1,47020,38750,"High school diploma or equivalent","Stable",55.3
"25-1021","Computer Science Teachers, Postsecondary",35480,3500,5.3,104420,96690,"Doctoral or professional degree","Stable",55.1
"25-4013","Museum Technicians and Conservators",12310,1900,5.4,57410,47460,"Bachelor's degree","Stable",55.1
"21-1021","Child, Family, and School Social Workers",392550,35100,3.4,64000,58570,"Bachelor's degree","Stable",55.1
"19-1013","Soil and Plant Scientists",15730,1700,5.4,87720,71410,"Bachelor's degree","Stable",55.0
"53-2012","Commercial Pilots",47630,6600,5.1,146080,122670,"Postsecondary nondegree award","Stable",55.0
"47-2141","Painters, Construction and Maintenance",225190,28100,3.8,55420,48660,"No formal educational credential","Stable",54.9
"35-2021","Food Preparation Workers",893600,148000,-3.4,35290,34220,"No formal educational credential","Low Opportunity",54.8
"29-1051","Pharmacists",321970,14200,4.6,140920,137480,"Doctoral or professional degree","Stable",54.5
"29-1217","Neurologists",10590,300,5.4,267630,NULL,"Doctoral or professional degree","Stable",54.2
"35-2013","Cooks, Private Household",1100,5300,5.1,53680,44530,"Postsecondary nondegree award","Stable",54.2
"49-3052","Motorcycle Mechanics",13510,1500,5.3,52370,47200,"Postsecondary nondegree award","Stable",53.9
"21-1099","Community and Social Service Specialists, All Other",107730,13100,4.6,59590,54940,"Bachelor's degree","Stable",53.9
"53-6032","Aircraft Service Attendants",31300,4300,5.1,43330,41540,"High school diploma or equivalent","Stable",53.6
"21-1012","Educational, Guidance, and Career Counselors and Advisors",353310,31000,3.5,71430,65140,"Master's degree","Stable",53.6
"47-2142","Paperhangers",1570,200,5.3,53730,48260,"No formal educational credential","Stable",53.1
"41-9022","Real Estate Sales Agents",193370,36600,3.1,69510,56320,"High school diploma or equivalent","Stable",53.0
"29-2043","Paramedics",100610,4900,5,63360,58410,"Postsecondary nondegree award","Stable",52.9
"19-2031","Chemists",82770,6300,4.9,100450,84150,"Bachelor's degree","Stable",52.8
"17-2031","Bioengineers and Biomedical Engineers",23480,1300,5.2,116890,106950,"Bachelor's degree","Stable",52.8
"25-3031","Substitute Teachers, Short-Term",524770,61100,1.6,46420,38470,"Bachelor's degree","Stable",52.7
"53-1041","Aircraft Cargo Handling Supervisors",9760,1100,5.2,65010,63940,"High school diploma or equivalent","Stable",52.7
"51-1011","First-Line Supervisors of Production and Operating Workers",673430,67700,1.2,76600,71190,"High school diploma or equivalent","Stable",52.6
"29-9093","Surgical Assistants",22270,1600,5.1,72710,60290,"Postsecondary nondegree award","Stable",52.0
"47-3015","Helpers--Pipelayers, Plumbers, Pipefitters, and Steamfitters",44330,4900,4.9,43730,39270,"High school diploma or equivalent","Stable",51.9
"47-4021","Elevator and Escalator Installers and Repairers",23790,2000,5,109820,106580,"High school diploma or equivalent","Stable",51.2
"13-2082","Tax Preparers",76480,10400,4.5,60930,50560,"High school diploma or equivalent","Stable",51.2
"29-2034","Radiologic Technologists and Technicians",230490,12900,4.3,83840,77660,"Associate's degree","Stable",50.7
"33-2011","Firefighters",345990,27100,3.4,63630,59530,"Postsecondary nondegree award","Stable",50.3
"13-1041","Compliance Officers",417070,33300,3,88400,78420,"Bachelor's degree","Stable",50.0
"19-4013","Food Science Technicians",14600,3200,4.8,56660,49430,"Associate's degree","Stable",49.9
"21-1091","Health Education Specialists",65690,7900,4.5,73280,63000,"Bachelor's degree","Stable",49.7
"17-3031","Surveying and Mapping Technicians",58010,7600,4.5,58000,51940,"High school diploma or equivalent","Stable",49.6
"35-9031","Hosts and Hostesses, Restaurant, Lounge, and Coffee Shop",432690,107700,-1.5,32690,30380,"No formal educational credential","Low Opportunity",49.6
"53-6061","Passenger Attendants",27110,4100,4.7,37820,37560,"High school diploma or equivalent","Stable",49.5
"27-1011","Art Directors",53070,12300,4.2,129440,111040,"Bachelor's degree","Stable",49.4
"19-2032","Materials Scientists",8470,600,4.9,126180,104160,"Bachelor's degree","Stable",49.4
"51-4121","Welders, Cutters, Solderers, and Brazers",416210,45600,2.2,56760,51000,"High school diploma or equivalent","Stable",49.4
"29-2055","Surgical Technologists",117460,7000,4.5,68710,62830,"Postsecondary nondegree award","Stable",49.2
"13-1131","Fundraisers",111040,10200,4.3,77200,66490,"Bachelor's degree","Stable",49.1
"19-2041","Environmental Scientists and Specialists, Including Health",89250,8500,4.4,91680,80060,"Bachelor's degree","Stable",49.1
"41-2022","Parts Salespersons",270070,30200,3.1,43830,37440,"No formal educational credential","Stable",49.1
"47-2132","Insulation Workers, Mechanical",25660,2300,4.7,65530,57250,"High school diploma or equivalent","Stable",48.4
"39-9041","Residential Advisors",84760,17400,3.8,43990,39180,"High school diploma or equivalent","Stable",48.4
"35-9021","Dishwashers",477450,76800,0.2,34310,33670,"No formal educational credential","Stable",48.1
"17-3028","Calibration Technologists and Technicians",16540,1400,4.7,74170,65040,"Associate's degree","Stable",47.8
"47-4031","Fence Erectors",24480,2300,4.6,50530,46940,"No formal educational credential","Stable",47.4
"47-2221","Structural Iron and Steel Workers",68380,5500,4.4,70280,62700,"High school diploma or equivalent","Stable",47.3
"19-4061","Social Science Research Assistants",30640,5200,4.4,66140,58040,"Bachelor's degree","Stable",47.1
"17-3011","Architectural and Civil Drafters",103700,10000,4.1,70740,64280,"Associate's degree","Stable",47.0
"47-2171","Reinforcing Iron and Rebar Workers",13800,1500,4.6,66060,59280,"High school diploma or equivalent","Stable",46.9
"49-3011","Aircraft Mechanics and Service Technicians",138090,11300,4,84740,78680,"Postsecondary nondegree award","Stable",46.8
"33-9091","Crossing Guards and Flaggers",94360,18000,3.6,43350,37700,"No formal educational credential","Stable",46.8
"47-2081","Drywall and Ceiling Tile Installers",83080,7700,4.2,63600,58140,"No formal educational credential","Stable",46.6
"47-3012","Helpers--Carpenters",21680,2700,4.5,44050,41600,"No formal educational credential","Stable",46.6
"41-9099","Sales and Related Workers, All Other",93180,16000,3.7,58510,46370,"High school diploma or equivalent","Stable",46.6
"17-1022","Surveyors",50830,3900,4.4,80570,72740,"Bachelor's degree","Stable",46.3
"27-2031","Dancers",8130,1800,4.5,NULL,NULL,"No formal educational credential","Stable",46.1
"39-5011","Barbers",15000,8400,4.1,47070,38960,"Postsecondary nondegree award","Stable",46.0
"53-2011","Airline Pilots, Copilots, and Flight Engineers",103560,11700,3.9,288650,226600,"Bachelor's degree","Stable",46.0
"25-9044","Teaching Assistants, Postsecondary",164090,24600,3.1,47670,44930,"Bachelor's degree","Stable",45.8
"47-3019","Helpers, Construction Trades, All Other",24770,2800,4.4,45140,40760,"No formal educational credential","Stable",45.7
"19-3039","Psychologists, All Other",18820,3900,4.3,111210,117580,"Master's degree","Stable",45.3
"29-1024","Prosthodontists",870,0,4.5,268630,NULL,"Doctoral or professional degree","Stable",45.0
"17-2111","Health and Safety Engineers, Except Mining Safety Engineers and Inspectors",21450,1500,4.4,119770,109660,"Bachelor's degree","Stable",44.9
"53-7199","Material Moving Workers, All Other",23480,3100,4.3,45640,41690,"No formal educational credential","Stable",44.9
"37-1011","First-Line Supervisors of Housekeeping and Janitorial Workers",178760,33000,2.5,53320,47520,"High school diploma or equivalent","Stable",44.8
"19-4012","Agricultural Technicians",15130,2900,4.3,53840,46790,"Associate's degree","Stable",44.7
"27-1026","Merchandise Displayers and Window Trimmers",165220,20800,3.2,42830,37350,"High school diploma or equivalent","Stable",44.5
"47-5051","Rock Splitters, Quarry",3320,400,4.4,51500,47460,"No formal educational credential","Stable",44.2
"29-1023","Orthodontists",6210,200,4.4,259400,NULL,"Doctoral or professional degree","Stable",44.1
"43-3031","Bookkeeping, Accounting, and Auditing Clerks",1373680,170000,-5.8,53560,49210,"Some college, no degree","Declining",44.0
"27-3043","Writers and Authors",47940,13400,3.6,86090,72270,"Bachelor's degree","Stable",44.0
"53-7121","Tank Car, Truck, and Ship Loaders",10700,1300,4.3,59970,58070,"No formal educational credential","Stable",43.8
"17-1011","Architects, Except Landscape and Naval",106770,7800,3.9,106260,96690,"Bachelor's degree","Stable",43.7
"31-9099","Healthcare Support Workers, All Other",109740,14400,3.5,50810,46050,"High school diploma or equivalent","Stable",43.6
"19-4042","Environmental Science and Protection Technicians, Including Health",34670,5600,4,60800,49490,"Associate's degree","Stable",43.4
"29-1021","Dentists, General",124390,3900,4.1,191350,172790,"Doctoral or professional degree","Stable",43.3
"51-2051","Fiberglass Laminators and Fabricators",16170,2100,4.2,49550,45760,"High school diploma or equivalent","Stable",43.3
"29-1241","Ophthalmologists, Except Pediatric",8950,300,4.3,304650,NULL,"Doctoral or professional degree","Stable",43.2
"21-1029","Social Workers, All Other",62930,7000,3.9,75910,69480,"Bachelor's degree","Stable",43.2
"47-2072","Pile Driver Operators",2310,300,4.3,80710,70510,"High school diploma or equivalent","Stable",43.2
"23-1022","Arbitrators, Mediators, and Conciliators",9210,300,4.3,91010,67710,"Bachelor's degree","Stable",43.2
"53-2022","Airfield Operations Specialists",15190,1600,4.2,63610,56750,"High school diploma or equivalent","Stable",43.0
"27-4032","Film and Video Editors",25610,3600,4,86130,70980,"Bachelor's degree","Stable",42.2
"29-1222","Physicians, Pathologists",11110,400,4.2,285420,NULL,"Doctoral or professional degree","Stable",42.2
"47-2161","Plasterers and Stucco Masons",19310,1900,4.1,62050,56020,"No formal educational credential","Stable",42.1
"19-1022","Microbiologists",18940,1700,4.1,97600,87330,"Bachelor's degree","Stable",42.0
"51-9061","Inspectors, Testers, Sorters, Samplers, and Weighers",597370,69900,0,53450,47460,"High school diploma or equivalent","Low Opportunity",41.9
"13-2020","Property Appraisers and Assessors",57070,6300,3.8,75770,65420,"Bachelor's degree","Stable",41.8
"51-9011","Chemical Equipment Operators and Tenders",139630,14400,3.3,60710,57090,"High school diploma or equivalent","Stable",41.6
"25-1041","Agricultural Sciences Teachers, Postsecondary",8920,800,4.1,102050,86350,"Doctoral or professional degree","Stable",41.5
"19-4099","Life, Physical, and Social Science Technicians, All Other",73910,10600,3.5,66280,60130,"Associate's degree","Stable",41.4
"29-1212","Cardiologists",17290,600,4.1,454940,NULL,"Doctoral or professional degree","Stable",41.4
"43-5031","Public Safety Telecommunicators",102500,10700,3.5,56740,50730,"High school diploma or equivalent","Stable",41.4
"29-1242","Orthopedic Surgeons, Except Pediatric",14100,400,4.1,373570,NULL,"Doctoral or professional degree","Stable",41.2
"53-6021","Parking Attendants",137880,18500,3,34990,34600,"No formal educational credential","Stable",41.1
"43-4031","Court, Municipal, and License Clerks",179750,18500,3,52320,47700,"High school diploma or equivalent","Stable",41.1
"29-1022","Oral and Maxillofacial Surgeons",4910,200,4.1,346490,NULL,"Doctoral or professional degree","Stable",41.1
"19-4031","Chemical Technicians",57540,6700,3.7,63900,57790,"Associate's degree","Stable",41.0
"19-2012","Physicists",20430,1700,4,171180,166290,"Doctoral or professional degree","Stable",41.0
"17-2081","Environmental Engineers",38340,3000,3.9,112910,104170,"Bachelor's degree","Stable",40.8
"37-3012","Pesticide Handlers, Sprayers, and Applicators, Vegetation",27050,4100,3.8,47070,45200,"High school diploma or equivalent","Stable",40.5
"19-4021","Biological Technicians",69620,9100,3.5,61380,52000,"Bachelor's degree","Stable",40.5
"15-2099","Mathematical Science Occupations, All Other",3720,300,4,91550,71490,"Bachelor's degree","Stable",40.2
"25-1043","Forestry and Conservation Science Teachers, Postsecondary",1520,100,4,102450,100830,"Doctoral or professional degree","Stable",40.1
"47-2131","Insulation Workers, Floor, Ceiling, and Wall",44440,3400,3.8,54740,48680,"No formal educational credential","Stable",40.0
"49-3031","Bus and Truck Mechanics and Diesel Engine Specialists",289960,26500,2.4,64320,60640,"High school diploma or equivalent","Stable",39.9
"33-9011","Animal Control Workers",12070,1300,3.9,48440,45830,"High school diploma or equivalent","Stable",39.8
"29-1249","Surgeons, All Other",25140,600,3.9,373930,NULL,"Doctoral or professional degree","Stable",39.4
"53-4099","Rail Transportation Workers, All Other",1120,200,3.9,60140,49330,"High school diploma or equivalent","Stable",39.1
"33-9099","Protective Service Workers, All Other",81500,23300,2.5,48070,41600,"High school diploma or equivalent","Stable",39.0
"33-2021","Fire Inspectors and Investigators",13800,1500,3.8,78670,78060,"Postsecondary nondegree award","Stable",38.9
"27-2091","Disc Jockeys, Except Radio",7920,1500,3.8,NULL,NULL,"High school diploma or equivalent","Stable",38.9
"41-9021","Real Estate Brokers",46100,9700,3.3,83950,72280,"High school diploma or equivalent","Stable",38.8
"25-4011","Archivists",7970,1100,3.8,70640,61570,"Master's degree","Stable",38.7
"53-6099","Transportation Workers, All Other",13550,1200,3.8,50890,39630,"High school diploma or equivalent","Stable",38.7
"53-3051","Bus Drivers, School",402930,61000,0.2,48430,47040,"High school diploma or equivalent","Stable",38.6
"25-1066","Psychology Teachers, Postsecondary",41530,4000,3.6,93860,80330,"Doctoral or professional degree","Stable",38.4
"51-9082","Medical Appliance Technicians",11280,1500,3.7,52730,47060,"High school diploma or equivalent","Stable",37.9
"33-1021","First-Line Supervisors of Firefighting and Prevention Workers",99140,6500,3.4,96930,92430,"Postsecondary nondegree award","Stable",37.9
"31-1132","Orderlies",52440,7800,3.3,40660,37700,"High school diploma or equivalent","Stable",37.7
"29-9099","Healthcare Practitioners and Technical Workers, All Other",35010,2600,3.6,76720,64030,"Postsecondary nondegree award","Stable",37.6
"53-6041","Traffic Technicians",7860,800,3.7,62050,58480,"High school diploma or equivalent","Stable",37.5
"19-3091","Anthropologists and Archeologists",8990,800,3.7,75620,64910,"Master's degree","Stable",37.5
"27-4011","Audio and Video Technicians",70230,7300,3.3,64630,54830,"Postsecondary nondegree award","Stable",37.4
"37-3013","Tree Trimmers and Pruners",55160,7400,3.3,55970,50430,"High school diploma or equivalent","Stable",37.4
"47-4051","Highway Maintenance Workers",154960,12300,3,53080,49070,"High school diploma or equivalent","Stable",37.4
"39-3099","Entertainment Attendants and Related Workers, All Other",7060,2200,3.6,34980,34550,"High school diploma or equivalent","Stable",37.3
"13-2099","Financial Specialists, All Other",132130,10300,3.1,93810,80190,"Bachelor's degree","Stable",37.2
"19-1099","Life Scientists, All Other",7460,400,3.7,107860,87800,"Bachelor's degree","Stable",37.2
"51-9192","Cleaning, Washing, and Metal Pickling Equipment Operators and Tenders",14760,1600,3.6,44600,41460,"High school diploma or equivalent","Stable",37.0
"37-1012","First-Line Supervisors of Landscaping, Lawn Service, and Groundskeeping Workers",130760,23200,2.3,60960,56170,"High school diploma or equivalent","Stable",36.9
"49-9099","Installation, Maintenance, and Repair Workers, All Other",176300,21500,2.4,53850,48640,"High school diploma or equivalent","Stable",36.9
"47-4090","Miscellaneous Construction and Related Workers",28380,3100,3.5,55130,48120,"High school diploma or equivalent","Stable",36.9
"49-3022","Automotive Glass Installers and Repairers",20310,1400,3.6,50430,47260,"High school diploma or equivalent","Stable",36.8
"27-1025","Interior Designers",71500,7800,3.2,74540,63490,"Bachelor's degree","Stable",36.7
"43-4181","Reservation and Transportation Ticket Agents and Travel Clerks",118710,14400,2.8,49630,41460,"High school diploma or equivalent","Stable",36.6
"19-3041","Sociologists",2260,300,3.6,114920,101690,"Master's degree","Stable",36.2
"47-2121","Glaziers",58480,5100,3.3,59720,55440,"High school diploma or equivalent","Stable",36.1
"17-1012","Landscape Architects",19600,1700,3.5,88780,79660,"Bachelor's degree","Stable",36.0
"19-3051","Urban and Regional Planners",44230,3400,3.4,94750,83720,"Master's degree","Stable",36.0
"33-1012","First-Line Supervisors of Police and Detectives",154610,10900,2.9,112190,105980,"High school diploma or equivalent","Stable",35.5
"19-1031","Conservation Scientists",25950,2500,3.4,77130,67950,"Bachelor's degree","Stable",35.5
"47-2021","Brickmasons and Blockmasons",52550,5600,3.2,68280,60800,"High school diploma or equivalent","Stable",35.4
"41-4011","Sales Representatives, Wholesale and Manufacturing, Technical and Scientific Products",284800,27200,1.9,119730,100070,"Bachelor's degree","Stable",35.3
"29-2036","Medical Dosimetrists",3410,200,3.5,148500,138110,"Bachelor's degree","Stable",35.1
"49-2092","Electric Motor, Power Tool, and Related Repairers",14450,1700,3.4,58610,53990,"High school diploma or equivalent","Stable",35.0
"25-2021","Elementary School Teachers, Except Special Education",1388390,91000,-2,72650,62340,"Bachelor's degree","Low Opportunity",34.6
"53-4041","Subway and Streetcar Operators",10200,900,3.4,77170,84830,"High school diploma or equivalent","Stable",34.5
"39-4021","Funeral Attendants",31090,5700,3.1,37190,34610,"High school diploma or equivalent","Stable",34.4
"47-2071","Paving, Surfacing, and Tamping Equipment Operators",41820,4000,3.2,59000,51650,"High school diploma or equivalent","Stable",34.4
"29-1216","General Internal Medicine Physicians",67150,2100,3.3,267200,236350,"Doctoral or professional degree","Stable",34.3
"13-2071","Credit Counselors",27770,2200,3.3,57210,50480,"Bachelor's degree","Stable",34.3
"25-1192","Family and Consumer Sciences Teachers, Postsecondary",2770,200,3.4,81940,77280,"Doctoral or professional degree","Stable",34.1
"29-1125","Recreational Therapists",14930,1300,3.3,67630,60280,"Bachelor's degree","Stable",33.8
"27-1021","Commercial and Industrial Designers",33490,2500,3.2,93260,79450,"Bachelor's degree","Stable",33.5
"49-9096","Riggers",22530,2500,3.2,66810,62060,"High school diploma or equivalent","Stable",33.5
"39-4012","Crematory Operators",2970,600,3.3,45670,42880,"High school diploma or equivalent","Stable",33.4
"19-2042","Geoscientists, Except Hydrologists and Geographers",23470,2000,3.2,116150,99240,"Bachelor's degree","Stable",33.2
"25-1064","Geography Teachers, Postsecondary",3330,300,3.3,102350,86730,"Doctoral or professional degree","Stable",33.2
"29-2081","Opticians, Dispensing",73530,6800,2.9,51770,46560,"High school diploma or equivalent","Stable",33.1
"27-1024","Graphic Designers",197830,20000,2.1,70560,61300,"Bachelor's degree","Stable",33.0
"39-4031","Morticians, Undertakers, and Funeral Arrangers",25100,3200,3.1,58160,49800,"Associate's degree","Stable",32.9
"29-1211","Anesthesiologists",38760,1300,3.2,360570,NULL,"Doctoral or professional degree","Stable",32.8
"53-7021","Crane and Tower Operators",42890,3800,3,72130,66370,"High school diploma or equivalent","Stable",32.3
"29-2031","Cardiovascular Technologists and Technicians",62960,3800,3,76940,67260,"Associate's degree","Stable",32.3
"31-2022","Physical Therapist Aides",48150,6600,2.8,36430,34520,"High school diploma or equivalent","Stable",32.0
"33-1091","First-Line Supervisors of Security Workers",81480,7000,2.7,59900,58610,"High school diploma or equivalent","Stable",31.2
"51-9051","Furnace, Kiln, Oven, Drier, and Kettle Operators and Tenders",14280,1900,3,50940,47010,"High school diploma or equivalent","Stable",31.1
"29-1229","Physicians, All Other",342720,9600,2.5,262040,NULL,"Doctoral or professional degree","Stable",30.8
"21-1092","Probation Officers and Correctional Treatment Specialists",89390,7900,2.6,73130,64520,"Bachelor's degree","Stable",30.7
"29-2010","Clinical Laboratory Technologists and Technicians",332940,22600,1.7,67350,61890,"Bachelor's degree","Stable",30.6
"39-3031","Ushers, Lobby Attendants, and Ticket Takers",121770,30800,1.2,33080,31150,"No formal educational credential","Stable",30.5
"29-2033","Nuclear Medicine Technologists",17080,900,3,105160,97020,"Associate's degree","Stable",30.5
"47-2211","Sheet Metal Workers",119770,10600,2.4,67850,60850,"High school diploma or equivalent","Stable",30.4
"25-1082","Library Science Teachers, Postsecondary",3630,400,3,88110,78630,"Doctoral or professional degree","Stable",30.2
"45-1011","First-Line Supervisors of Farming, Fishing, and Forestry Workers",27960,8500,2.5,62730,59330,"High school diploma or equivalent","Stable",30.1
"49-9098","Helpers--Installation, Maintenance, and Repair Workers",95580,11800,2.3,41490,38860,"High school diploma or equivalent","Stable",30.1
"33-3052","Transit and Railroad Police",4390,200,3,91810,82320,"High school diploma or equivalent","Stable",30.1
"47-5023","Earth Drillers, Except Oil and Gas",19450,1700,2.9,62830,59600,"High school diploma or equivalent","Stable",30.0
"25-1053","Environmental Science Teachers, Postsecondary",6690,700,2.9,103610,87710,"Doctoral or professional degree","Stable",29.4
"21-2021","Directors, Religious Activities and Education",22160,13800,2.1,62100,54840,"Bachelor's degree","Stable",29.3
"13-2072","Loan Officers",274330,20300,1.7,87790,74180,"Bachelor's degree","Stable",29.2
"29-1215","Family Medicine Physicians",107510,3300,2.7,255820,238380,"Doctoral or professional degree","Stable",29.0
"49-3043","Rail Car Repairers",21350,1500,2.8,70680,65680,"High school diploma or equivalent","Stable",28.9
"27-3099","Media and Communication Workers, All Other",19590,3000,2.7,83860,71770,"High school diploma or equivalent","Stable",28.8
"25-3041","Tutors",175070,37100,0.6,48050,40090,"Some college, no degree","Stable",28.3
"49-9031","Home Appliance Repairers",32150,3100,2.6,56040,49410,"High school diploma or equivalent","Stable",27.9
"29-1214","Emergency Medicine Physicians",32880,1000,2.7,317480,NULL,"Doctoral or professional degree","Stable",27.6
"47-5071","Roustabouts, Oil and Gas",44970,4300,2.5,49200,47510,"No formal educational credential","Stable",27.6
"29-1224","Radiologists",26770,800,2.7,381530,NULL,"Doctoral or professional degree","Stable",27.5
"29-2051","Dietetic Technicians",31560,4000,2.5,40630,37040,"Associate's degree","Stable",27.4
"25-1061","Anthropology and Archeology Teachers, Postsecondary",5240,500,2.7,106880,95770,"Doctoral or professional degree","Stable",27.3
"49-3053","Outdoor Power Equipment and Other Small Engine Mechanics",36060,3500,2.5,49990,46560,"High school diploma or equivalent","Stable",27.1
"39-6012","Concierges",49240,6800,2.3,42510,37320,"High school diploma or equivalent","Stable",27.1
"51-3023","Slaughterers and Meat Packers",69950,8400,2.2,41770,39790,"No formal educational credential","Stable",27.0
"53-7072","Pump Operators, Except Wellhead Pumpers",9780,1500,2.6,63960,60020,"High school diploma or equivalent","Stable",26.9
"17-2041","Chemical Engineers",21070,1100,2.6,129980,121860,"Bachelor's degree","Stable",26.7
"47-2051","Cement Masons and Concrete Finishers",206170,14300,1.8,60050,54660,"No formal educational credential","Stable",26.6
"17-2199","Engineers, All Other",154070,9300,2.1,125330,117750,"Bachelor's degree","Stable",26.6
"25-1051","Atmospheric, Earth, Marine, and Space Sciences Teachers, Postsecondary",9900,1000,2.6,116020,101390,"Doctoral or professional degree","Stable",26.6
"37-2019","Building Cleaning Workers, All Other",17210,2600,2.5,46420,42360,"No formal educational credential","Stable",26.6
"41-3041","Travel Agents",55110,7100,2.2,54660,48450,"High school diploma or equivalent","Stable",26.3
"47-2043","Floor Sanders and Finishers",3720,400,2.6,52460,49150,"No formal educational credential","Stable",26.2
"25-1199","Postsecondary Teachers, All Other",149840,13500,1.8,90630,78490,"Doctoral or professional degree","Stable",26.1
"25-9031","Instructional Coordinators",227760,21900,1.3,80920,74720,"Master's degree","Stable",26.1
"25-1054","Physics Teachers, Postsecondary",13090,1300,2.5,111460,97360,"Doctoral or professional degree","Stable",25.8
"27-4021","Photographers",51760,12700,1.8,55410,42520,"High school diploma or equivalent","Stable",25.6
"23-1012","Judicial Law Clerks",13290,1000,2.5,72950,60400,"Doctoral or professional degree","Stable",25.6
"23-2011","Paralegals and Legal Assistants",392880,39300,0.2,69700,61010,"Associate's degree","Stable",25.6
"25-1022","Mathematical Science Teachers, Postsecondary",47670,4400,2.3,91550,79350,"Doctoral or professional degree","Stable",25.6
"23-1023","Judges, Magistrate Judges, and Magistrates",24030,900,2.5,143830,156210,"Doctoral or professional degree","Stable",25.5
"31-2012","Occupational Therapy Aides",4310,600,2.5,44110,37370,"High school diploma or equivalent","Stable",25.4
"53-5011","Sailors and Marine Oilers",31670,3900,2.3,56830,49610,"No formal educational credential","Stable",25.3
"37-3019","Grounds Maintenance Workers, All Other",13630,1900,2.4,48830,43410,"No formal educational credential","Stable",25.1
"41-1011","First-Line Supervisors of Retail Sales Workers",1121800,125100,-5,53380,47320,"High school diploma or equivalent","Declining",25.1
"43-2099","Communications Equipment Operators, All Other",1200,100,2.5,62130,49910,"High school diploma or equivalent","Stable",25.1
"25-4022","Librarians and Media Collections Specialists",133790,13500,1.7,72840,64320,"Master's degree","Stable",25.1
"49-3021","Automotive Body and Related Repairers",149310,14600,1.6,59690,51680,"High school diploma or equivalent","Stable",24.8
"25-1193","Recreation and Fitness Studies Teachers, Postsecondary",12630,1100,2.4,86620,75890,"Doctoral or professional degree","Stable",24.7
"25-1062","Area, Ethnic, and Cultural Studies Teachers, Postsecondary",11300,1100,2.4,98330,84290,"Doctoral or professional degree","Stable",24.7
"45-2021","Animal Breeders",1330,1200,2.4,57010,52000,"High school diploma or equivalent","Stable",24.7
"51-9197","Tire Builders",20770,2500,2.3,57160,55580,"High school diploma or equivalent","Stable",24.5
"27-1027","Set and Exhibit Designers",10630,2500,2.3,83160,66280,"Bachelor's degree","Stable",24.5
"25-1081","Education Teachers, Postsecondary",60830,5600,2.1,79350,72090,"Doctoral or professional degree","Stable",24.4
"51-9083","Ophthalmic Laboratory Technicians",18660,2400,2.3,43190,38420,"High school diploma or equivalent","Stable",24.4
"51-8021","Stationary Engineers and Boiler Operators",28250,3800,2.2,83960,75190,"High school diploma or equivalent","Stable",24.3
"17-3022","Civil Engineering Technologists and Technicians",68520,5500,2.1,68990,64200,"Associate's degree","Stable",24.3
"51-9199","Production Workers, All Other",251700,31600,0.5,44380,38820,"High school diploma or equivalent","Stable",24.0
"45-2099","Agricultural Workers, All Other",3620,1500,2.3,45510,40390,"No formal educational credential","Stable",23.9
"21-2011","Clergy",57200,23000,1,66860,60820,"Bachelor's degree","Stable",23.8
"25-1113","Social Work Teachers, Postsecondary",12610,1300,2.3,83940,76210,"Doctoral or professional degree","Stable",23.8
"15-1231","Computer Network Support Specialists",146190,9600,1.8,81870,73340,"Associate's degree","Stable",23.8
"25-2031","Secondary School Teachers, Except Special and Career/Technical Education",1065210,66200,-1.6,76320,64580,"Bachelor's degree","Low Opportunity",23.7
"47-3014","Helpers--Painters, Paperhangers, Plasterers, and Stucco Masons",7490,800,2.3,42440,38140,"No formal educational credential","Stable",23.5
"25-1112","Law Teachers, Postsecondary",20060,2200,2.2,144770,126650,"Doctoral or professional degree","Stable",23.3
"23-2093","Title Examiners, Abstractors, and Searchers",48580,5400,2,62350,54980,"High school diploma or equivalent","Stable",23.2
"25-1052","Chemistry Teachers, Postsecondary",19980,1900,2.2,105210,86220,"Doctoral or professional degree","Stable",23.1
"51-9041","Extruding, Forming, Pressing, and Compacting Machine Setters, Operators, and Tenders",58770,5200,2,47260,45130,"High school diploma or equivalent","Stable",23.1
"27-2042","Musicians and Singers",36180,19400,1.1,NULL,NULL,"No formal educational credential","Stable",22.6
"25-1122","Communications Teachers, Postsecondary",29420,2700,2.1,90010,77800,"Doctoral or professional degree","Stable",22.6
"25-9099","Educational Instruction and Library Workers, All Other",118590,12500,1.5,59060,48400,"Bachelor's degree","Stable",22.5
"25-1121","Art, Drama, and Music Teachers, Postsecondary",93560,9000,1.7,94700,80190,"Master's degree","Stable",22.4
"19-3093","Historians",3450,300,2.2,81240,74050,"Master's degree","Stable",22.2
"19-2011","Astronomers",2120,100,2.2,132920,132170,"Doctoral or professional degree","Stable",22.1
"39-1013","First-Line Supervisors of Gambling Services Workers",26010,3300,2,64830,61590,"High school diploma or equivalent","Stable",22.0
"25-1067","Sociology Teachers, Postsecondary",11850,1100,2.1,96980,82540,"Doctoral or professional degree","Stable",21.7
"25-1063","Economics Teachers, Postsecondary",11560,1200,2.1,138850,119980,"Doctoral or professional degree","Stable",21.7
"27-1012","Craft Artists",4580,1000,2.1,49740,38480,"No formal educational credential","Stable",21.6
"29-1299","Healthcare Diagnosing or Treating Practitioners, All Other",28630,2400,2,127660,113730,"Master's degree","Stable",21.4
"27-1022","Fashion Designers",21450,2300,2,91230,80690,"Bachelor's degree","Stable",21.4
"27-1029","Designers, All Other",9480,2200,2,79090,66220,"Bachelor's degree","Stable",21.3
"43-3021","Billing and Posting Clerks",404060,42200,-0.4,51070,47170,"High school diploma or equivalent","Low Opportunity",21.3
"27-3091","Interpreters and Translators",52060,6900,1.7,66360,59440,"Bachelor's degree","Stable",21.1
"25-1065","Political Science Teachers, Postsecondary",16970,1600,2,108100,94680,"Doctoral or professional degree","Stable",21.0
"17-3026","Industrial Engineering Technologists and Technicians",75570,6300,1.7,70700,64790,"Associate's degree","Stable",20.8
"25-1111","Criminal Justice and Law Enforcement Teachers, Postsecondary",13150,1200,2,87550,71470,"Doctoral or professional degree","Stable",20.7
"49-9069","Precision Instrument and Equipment Repairers, All Other",9400,1000,2,71180,67080,"High school diploma or equivalent","Stable",20.6
"25-1031","Architecture Teachers, Postsecondary",7700,900,2,101250,101480,"Doctoral or professional degree","Stable",20.5
"51-3021","Butchers and Meat Cutters",136430,16900,1,42380,38960,"No formal educational credential","Stable",20.1
"21-1015","Rehabilitation Counselors",94740,10000,1.4,51820,46110,"Master's degree","Stable",20.0
"29-1124","Radiation Therapists",17070,900,1.9,114990,101990,"Associate's degree","Stable",19.5
"53-7081","Refuse and Recyclable Material Collectors",147240,16900,0.9,52820,48350,"No formal educational credential","Stable",19.1
"27-1014","Special Effects Artists and Animators",19970,5000,1.6,112870,99800,"Bachelor's degree","Stable",19.0
"53-6051","Transportation Inspectors",24500,2500,1.7,88540,85750,"High school diploma or equivalent","Stable",18.5
"43-4061","Eligibility Interviewers, Government Programs",154800,14000,1,56090,51500,"High school diploma or equivalent","Stable",18.4
"17-3029","Engineering Technologists and Technicians, Except Drafters, All Other",59930,5700,1.5,80960,77390,"Associate's degree","Stable",18.4
"29-1081","Podiatrists",9680,300,1.8,175480,152800,"Doctoral or professional degree","Stable",18.2
"25-1069","Social Sciences Teachers, Postsecondary, All Other",16580,1500,1.7,88390,75040,"Doctoral or professional degree","Stable",17.9
"51-4041","Machinists",287050,29500,0,59320,56150,"High school diploma or equivalent","Low Opportunity",17.7
"49-9097","Signal and Track Switch Repairers",8720,800,1.7,90410,83600,"High school diploma or equivalent","Stable",17.5
"33-1099","First-Line Supervisors of Protective Service Workers, All Other",20690,2100,1.6,74390,74960,"High school diploma or equivalent","Stable",17.3
"51-8099","Plant and System Operators, All Other",14080,1600,1.6,65700,61710,"High school diploma or equivalent","Stable",17.0
"19-1023","Zoologists and Wildlife Biologists",18120,1400,1.6,83020,72860,"Bachelor's degree","Stable",16.8
"47-4061","Rail-Track Laying and Maintenance Equipment Operators",19580,1100,1.6,68740,67370,"High school diploma or equivalent","Stable",16.7
"53-5031","Ship Engineers",8400,1100,1.6,111790,101320,"Postsecondary nondegree award","Stable",16.7
"51-9124","Coating, Painting, and Spraying Machine Setters, Operators, and Tenders",158740,15800,0.7,52620,47590,"High school diploma or equivalent","Stable",16.5
"43-3099","Financial Clerks, All Other",36260,4000,1.4,56450,52150,"High school diploma or equivalent","Stable",16.4
"45-2011","Agricultural Inspectors",14410,2200,1.5,54910,50990,"Bachelor's degree","Stable",16.3
"51-4021","Extruding and Drawing Machine Setters, Operators, and Tenders, Metal and Plastic",60840,6500,1.2,49480,46980,"High school diploma or equivalent","Stable",15.9
"19-4043","Geological Technicians, Except Hydrologic Technicians",6980,1300,1.5,61870,48390,"Associate's degree","Stable",15.8
"25-2051","Special Education Teachers, Preschool",29510,2100,1.4,76380,62190,"Bachelor's degree","Stable",15.3
"49-9012","Control and Valve Installers and Repairers, Except Mechanical Door",48240,3900,1.3,76210,74690,"High school diploma or equivalent","Stable",15.3
"29-1243","Pediatric Surgeons",1190,0,1.5,502050,NULL,"Doctoral or professional degree","Stable",15.0
"41-1012","First-Line Supervisors of Non-Retail Sales Workers",214390,24800,0,99370,84130,"High school diploma or equivalent","Low Opportunity",14.9
"19-1029","Biological Scientists, All Other",55850,4800,1.2,106330,93330,"Bachelor's degree","Stable",14.9
"51-9123","Painting, Coating, and Decorating Workers",7940,800,1.4,45210,40860,"No formal educational credential","Stable",14.5
"49-9063","Musical Instrument Repairers and Tuners",5380,600,1.4,49960,45320,"High school diploma or equivalent","Stable",14.4
"47-5099","Extraction Workers, All Other",5540,700,1.4,57890,50110,"High school diploma or equivalent","Stable",14.4
"53-5022","Motorboat Operators",2480,300,1.4,56270,51880,"Postsecondary nondegree award","Stable",14.2
"43-6011","Executive Secretaries and Executive Administrative Assistants",459910,50000,-1.6,79140,74260,"High school diploma or equivalent","Low Opportunity",14.0
"27-4031","Camera Operators, Television, Video, and Film",21550,2900,1.2,83210,68810,"Bachelor's degree","Stable",13.7
"17-2171","Petroleum Engineers",18060,1200,1.3,157150,141280,"Bachelor's degree","Stable",13.7
"39-4011","Embalmers",3890,600,1.3,58390,56280,"Associate's degree","Stable",13.4
"53-2021","Air Traffic Controllers",22510,2200,1.2,146490,144580,"Associate's degree","Stable",13.3
"47-4041","Hazardous Materials Removal Workers",51710,5000,1,56430,48490,"High school diploma or equivalent","Stable",13.0
"53-4031","Railroad Conductors and Yardmasters",46440,3100,1.1,79100,74080,"High school diploma or equivalent","Stable",12.9
"17-3025","Environmental Engineering Technologists and Technicians",12190,1100,1.2,64870,58890,"Associate's degree","Stable",12.7
"21-2099","Religious Workers, All Other",15760,11100,0.6,53870,45120,"Bachelor's degree","Stable",12.7
"25-2059","Special Education Teachers, All Other",33930,2900,1.1,79750,67430,"Bachelor's degree","Stable",12.7
"19-1032","Foresters",10430,1100,1.2,79170,70660,"Bachelor's degree","Stable",12.7
"19-3011","Economists",17790,900,1.2,142130,115440,"Master's degree","Stable",12.5
"29-1218","Obstetricians and Gynecologists",21260,600,1.2,279040,NULL,"Doctoral or professional degree","Stable",12.4
"25-1194","Career/Technical Education Teachers, Postsecondary",114110,8800,0.7,72060,61490,"Bachelor's degree","Stable",12.3
"53-7031","Dredge Operators",1040,100,1.2,56120,48430,"High school diploma or equivalent","Stable",12.1
"13-2031","Budget Analysts",47160,3100,1,96370,87930,"Bachelor's degree","Stable",11.9
"27-3041","Editors",91690,9800,0.6,90060,75260,"Bachelor's degree","Stable",11.9
"17-3024","Electro-Mechanical and Mechatronics Technologists and Technicians",15520,1300,1.1,76420,70760,"Associate's degree","Stable",11.8
"27-3042","Technical Writers",45500,4500,0.9,96970,91670,"Bachelor's degree","Stable",11.7
"17-3023","Electrical and Electronic Engineering Technologists and Technicians",95130,8400,0.6,80680,77180,"Associate's degree","Stable",11.0
"51-9191","Adhesive Bonding Machine Operators and Tenders",11500,1300,1,46850,45210,"High school diploma or equivalent","Stable",10.8
"53-4022","Railroad Brake, Signal, and Switch Operators and Locomotive Firers",12400,1000,1,69030,65480,"High school diploma or equivalent","Stable",10.6
"45-2092","Farmworkers and Laborers, Crop, Nursery, and Greenhouse",265500,71700,-3.3,37630,35690,"No formal educational credential","Low Opportunity",10.0
"25-3099","Teachers and Instructors, All Other",113790,18000,-0.1,73880,64690,"Bachelor's degree","Low Opportunity",9.8
"19-3034","School Psychologists",63940,3800,0.7,99160,86930,"Master's degree","Stable",9.3
"27-1019","Artists and Related Workers, All Other",6930,1200,0.8,80530,72760,"No formal educational credential","Stable",8.7
"29-1221","Pediatricians, General",39390,1200,0.8,212110,210130,"Doctoral or professional degree","Stable",8.7
"43-4199","Information and Record Clerks, All Other",134920,17800,-0.2,51490,48360,"High school diploma or equivalent","Low Opportunity",8.7
"51-3093","Food Cooking Machine Operators and Tenders",31250,4400,0.6,42570,40550,"High school diploma or equivalent","Stable",8.6
"53-4011","Locomotive Engineers",33470,2200,0.7,85900,77400,"High school diploma or equivalent","Stable",8.3
"25-1126","Philosophy and Religion Teachers, Postsecondary",20460,2000,0.7,92040,78050,"Doctoral or professional degree","Stable",8.2
"53-5021","Captains, Mates, and Pilots of Water Vessels",36850,4300,0.5,103720,85540,"Postsecondary nondegree award","Stable",7.6
"41-9011","Demonstrators and Product Promoters",64520,14000,-0.1,45580,37960,"No formal educational credential","Low Opportunity",7.4
"51-3091","Food and Tobacco Roasting, Baking, and Drying Machine Operators and Tenders",20370,2400,0.6,45930,42730,"No formal educational credential","Stable",7.4
"19-2021","Atmospheric and Space Scientists",10000,700,0.7,106110,97450,"Bachelor's degree","Stable",7.4
"17-2151","Mining and Geological Engineers, Including Mining Safety Engineers",6080,400,0.7,115410,101020,"Bachelor's degree","Stable",7.2
"19-2099","Physical Scientists, All Other",22300,2000,0.6,129230,117960,"Bachelor's degree","Stable",7.2
"47-5041","Continuous Mining Machine Operators",14000,1600,0.6,65050,63380,"No formal educational credential","Stable",7.0
"27-2011","Actors",55000,6300,0.3,NULL,NULL,"Some college, no degree","Stable",6.8
"27-4099","Media and Communication Equipment Workers, All Other",12450,1100,0.6,81040,67190,"High school diploma or equivalent","Stable",6.7
"47-5013","Service Unit Operators, Oil and Gas",43140,4100,0.4,62470,57980,"No formal educational credential","Stable",6.5
"47-3013","Helpers--Electricians",63630,6800,0.2,44080,39890,"High school diploma or equivalent","Stable",6.1
"47-5011","Derrick Operators, Oil and Gas",10590,1000,0.5,60210,62740,"No formal educational credential","Stable",5.6
"25-2022","Middle School Teachers, Except Special and Career/Technical Education",620090,40500,-2,72030,62970,"Bachelor's degree","Low Opportunity",4.3
"33-9031","Gambling Surveillance Officers and Gambling Investigators",9520,1300,0.3,45630,43900,"High school diploma or equivalent","Stable",3.8
"25-1123","English Language and Literature Teachers, Postsecondary",57720,5100,0,89580,78270,"Doctoral or professional degree","Low Opportunity",3.1
"53-4013","Rail Yard Engineers, Dinkey Operators, and Hostlers",3920,200,0.3,68450,58030,"High school diploma or equivalent","Stable",3.1
"29-1029","Dentists, All Other Specialists",5230,200,0.3,247930,225770,"Doctoral or professional degree","Stable",3.1
"51-4081","Multiple Machine Tool Setters, Operators, and Tenders, Metal and Plastic",124590,12800,-0.5,50030,46060,"High school diploma or equivalent","Low Opportunity",2.7
"31-9095","Pharmacy Aides",39530,6100,-0.1,40450,37000,"High school diploma or equivalent","Low Opportunity",2.7
"47-5012","Rotary Drill Operators, Oil and Gas",12600,1200,0.2,72130,65010,"No formal educational credential","Stable",2.7
"43-5061","Production, Planning, and Expediting Clerks",390160,34100,-1.8,62150,57770,"High school diploma or equivalent","Low Opportunity",2.5
"39-3011","Gambling Dealers",83910,14100,-0.6,42550,33280,"High school diploma or equivalent","Low Opportunity",2.5
"49-9044","Millwrights",40330,3600,0,69780,65170,"High school diploma or equivalent","Low Opportunity",2.2
"13-1075","Labor Relations Specialists",64810,5100,-0.1,98720,93500,"Bachelor's degree","Low Opportunity",2.1
"43-5032","Dispatchers, Except Police, Fire, and Ambulance",202810,18500,-0.9,54740,48880,"High school diploma or equivalent","Low Opportunity",2.1
"17-3027","Mechanical Engineering Technologists and Technicians",36190,3200,0,76380,68730,"Associate's degree","Low Opportunity",1.9
"47-2082","Tapers",12840,1100,0.1,72710,64700,"No formal educational credential","Stable",1.7
"47-4011","Construction and Building Inspectors",146720,14800,-0.8,77730,72120,"High school diploma or equivalent","Low Opportunity",0.9
"27-2041","Music Directors and Composers",12540,4300,-0.3,90470,63670,"Bachelor's degree","Low Opportunity",-0.4
"19-2043","Hydrologists",5850,500,-0.1,103600,92060,"Bachelor's degree","Low Opportunity",-0.7
"31-1133","Psychiatric Aides",35520,5300,-0.4,45690,41590,"High school diploma or equivalent","Low Opportunity",-0.8
"25-1124","Foreign Language and Literature Teachers, Postsecondary",19830,1900,-0.2,89990,77010,"Doctoral or professional degree","Low Opportunity",-0.9
"25-1125","History Teachers, Postsecondary",18790,1700,-0.2,96580,81500,"Doctoral or professional degree","Low Opportunity",-1.0
"53-6031","Automotive and Watercraft Service Attendants",102010,14400,-1,36780,34850,"No formal educational credential","Low Opportunity",-1.4
"27-3092","Court Reporters and Simultaneous Captioners",12870,1700,-0.3,78760,67310,"Postsecondary nondegree award","Low Opportunity",-2.0
"47-5022","Excavating and Loading Machine and Dragline Operators, Surface Mining",34480,3100,-0.4,59930,52550,"High school diploma or equivalent","Low Opportunity",-2.1
"33-3021","Detectives and Criminal Investigators",114430,7800,-0.7,99430,93580,"High school diploma or equivalent","Low Opportunity",-2.3
"51-7041","Sawing Machine Setters, Operators, and Tenders, Wood",40850,4800,-0.6,43580,39950,"High school diploma or equivalent","Low Opportunity",-3.1
"41-9012","Models",3780,1200,-0.5,72800,89990,"No formal educational credential","Low Opportunity",-4.3
"49-2011","Computer, Automated Teller, and Office Machine Repairers",65600,7600,-0.9,50880,46860,"Some college, no degree","Low Opportunity",-4.4
"39-3019","Gambling Service Workers, All Other",14140,2600,-0.6,41380,34530,"High school diploma or equivalent","Low Opportunity",-4.4
"15-1242","Database Administrators",69990,3800,-0.7,110090,104620,"Bachelor's degree","Low Opportunity",-4.7
"43-9081","Proofreaders and Copy Markers",4580,1900,-0.6,54800,49210,"Bachelor's degree","Low Opportunity",-4.9
"49-2094","Electrical and Electronics Repairers, Commercial and Industrial Equipment",65010,4700,-0.8,75570,71300,"Postsecondary nondegree award","Low Opportunity",-5.2
"51-9194","Etchers and Engravers",7750,900,-0.7,46320,40450,"High school diploma or equivalent","Low Opportunity",-6.5
"45-4023","Log Graders and Scalers",3070,600,-0.7,47770,46710,"High school diploma or equivalent","Low Opportunity",-6.6
"23-1021","Administrative Law Judges, Adjudicators, and Hearing Officers",16370,500,-0.7,125990,115230,"Doctoral or professional degree","Low Opportunity",-6.7
"15-2021","Mathematicians",2030,100,-0.7,129260,121680,"Master's degree","Low Opportunity",-6.9
"25-2012","Kindergarten Teachers, Except Special Education",108870,12800,-1.6,69370,61430,"Bachelor's degree","Low Opportunity",-8.3
"47-5032","Explosives Workers, Ordnance Handling Experts, and Blasters",5100,500,-0.9,66640,59110,"High school diploma or equivalent","Low Opportunity",-8.7
"25-2052","Special Education Teachers, Kindergarten and Elementary School",260870,15400,-1.8,72650,63000,"Bachelor's degree","Low Opportunity",-8.8
"23-2099","Legal Support Workers, All Other",46760,4700,-1.2,89660,68760,"Associate's degree","Low Opportunity",-9.2
"25-2058","Special Education Teachers, Secondary School",163930,11100,-1.6,77260,69590,"Bachelor's degree","Low Opportunity",-9.3
"53-7064","Packers and Packagers, Hand",559820,74000,-5.4,37540,35580,"No formal educational credential","Declining",-9.6
"51-6091","Extruding and Forming Machine Setters, Operators, and Tenders, Synthetic and Glass Fibers",12850,2000,-1.1,48580,44980,"High school diploma or equivalent","Low Opportunity",-9.8
"17-2161","Nuclear Engineers",15280,800,-1.1,140420,127520,"Bachelor's degree","Low Opportunity",-10.5
"27-1013","Fine Artists, Including Painters, Sculptors, and Illustrators",11220,2200,-1.2,73150,60560,"Bachelor's degree","Low Opportunity",-10.7
"53-7041","Hoist and Winch Operators",2600,300,-1.1,67710,52310,"No formal educational credential","Low Opportunity",-10.8
"49-9064","Watch and Clock Repairers",1310,100,-1.1,70840,60690,"High school diploma or equivalent","Low Opportunity",-10.9
"51-7011","Cabinetmakers and Bench Carpenters",77170,8100,-1.6,48290,46020,"High school diploma or equivalent","Low Opportunity",-11.1
"45-4022","Logging Equipment Operators",21060,4200,-1.4,53190,49210,"High school diploma or equivalent","Low Opportunity",-11.5
"53-3011","Ambulance Drivers and Attendants, Except Emergency Medical Technicians",12630,1400,-1.3,36210,34330,"High school diploma or equivalent","Low Opportunity",-12.2
"15-1232","Computer User Support Specialists",717190,40800,-3.7,67330,60340,"Some college, no degree","Low Opportunity",-12.5
"53-7071","Gas Compressor and Gas Pumping Station Operators",3510,600,-1.3,74610,71510,"High school diploma or equivalent","Low Opportunity",-12.6
"39-6011","Baggage Porters and Bellhops",28510,4600,-1.6,38570,36020,"High school diploma or equivalent","Low Opportunity",-13.2
"51-7042","Woodworking Machine Setters, Operators, and Tenders, Except Sawing",61420,6400,-1.8,43570,40440,"High school diploma or equivalent","Low Opportunity",-14.2
"25-2032","Career/Technical Education Teachers, Secondary School",111420,6200,-1.8,72680,63910,"Bachelor's degree","Low Opportunity",-14.3
"33-3041","Parking Enforcement Workers",9050,700,-1.5,51190,47150,"High school diploma or equivalent","Low Opportunity",-14.6
"43-4131","Loan Interviewers and Clerks",164790,13300,-2.3,52520,48950,"High school diploma or equivalent","Low Opportunity",-15.0
"19-3099","Social Scientists and Related Workers, All Other",37100,3200,-1.7,107690,100340,"Bachelor's degree","Low Opportunity",-15.1
"25-2057","Special Education Teachers, Middle School",95200,6300,-1.9,73780,64880,"Bachelor's degree","Low Opportunity",-15.2
"13-2081","Tax Examiners and Collectors, and Revenue Agents",56610,4300,-1.8,70520,59740,"Bachelor's degree","Low Opportunity",-15.4
"27-4014","Sound Engineering Technicians",13080,1200,-1.7,81390,66430,"Postsecondary nondegree award","Low Opportunity",-16.3
"47-5081","Helpers--Extraction Workers",6700,700,-1.7,50620,48400,"High school diploma or equivalent","Low Opportunity",-16.6
"51-6093","Upholsterers",20140,2200,-1.8,47340,46190,"High school diploma or equivalent","Low Opportunity",-16.7
"33-9094","School Bus Monitors",78420,12600,-2.7,35150,34980,"High school diploma or equivalent","Low Opportunity",-19.4
"25-2023","Career/Technical Education Teachers, Middle School",16870,900,-2,71590,63620,"Bachelor's degree","Low Opportunity",-19.5
"51-9032","Cutting and Slicing Machine Setters, Operators, and Tenders",44980,5300,-2.3,47460,45700,"High school diploma or equivalent","Low Opportunity",-19.8
"19-4044","Hydrologic Technicians",2840,400,-2.1,69530,58570,"Associate's degree","Low Opportunity",-20.8
"33-3011","Bailiffs",17310,1800,-2.2,61660,57050,"High school diploma or equivalent","Low Opportunity",-20.9
"13-2053","Insurance Underwriters",105420,8200,-2.6,93700,79880,"Bachelor's degree","Low Opportunity",-21.1
"51-4051","Metal-Refining Furnace Operators and Tenders",16780,2000,-2.3,55490,55770,"High school diploma or equivalent","Low Opportunity",-21.8
"49-3091","Bicycle Repairers",12170,1600,-2.3,42730,40360,"High school diploma or equivalent","Low Opportunity",-22.0
"43-5052","Postal Service Mail Carriers",328820,20600,-3.5,62540,57490,"No formal educational credential","Low Opportunity",-22.6
"51-9021","Crushing, Grinding, and Polishing Machine Setters, Operators, and Tenders",26000,2700,-2.5,51380,46890,"High school diploma or equivalent","Low Opportunity",-23.4
"47-2011","Boilermakers",10190,800,-2.4,80090,73340,"High school diploma or equivalent","Low Opportunity",-23.5
"25-9021","Farm and Home Management Educators",8220,1100,-2.5,61060,58120,"Master's degree","Low Opportunity",-24.3
"43-9111","Statistical Assistants",4710,800,-2.5,55650,51440,"Bachelor's degree","Low Opportunity",-24.5
"43-9041","Insurance Claims and Policy Processing Clerks",214260,20300,-3.7,52920,48450,"High school diploma or equivalent","Low Opportunity",-24.8
"51-9151","Photographic Process Workers and Processing Machine Operators",4800,1500,-2.6,46050,40100,"High school diploma or equivalent","Low Opportunity",-25.1
"49-9043","Maintenance Workers, Machinery",60020,4800,-2.8,64610,60500,"High school diploma or equivalent","Low Opportunity",-25.1
"33-1011","First-Line Supervisors of Correctional Officers",53380,4300,-2.8,84380,76310,"High school diploma or equivalent","Low Opportunity",-25.4
"49-9052","Telecommunications Line Installers and Repairers",97720,8900,-3.1,73940,70500,"High school diploma or equivalent","Low Opportunity",-25.7
"51-8093","Petroleum Pump System Operators, Refinery Operators, and Gaugers",33160,3200,-2.8,90630,97540,"High school diploma or equivalent","Low Opportunity",-26.1
"27-4012","Broadcast Technicians",21110,1800,-2.8,67960,53920,"Associate's degree","Low Opportunity",-26.9
"49-9091","Coin, Vending, and Amusement Machine Servicers and Repairers",26410,3500,-2.9,49770,47350,"High school diploma or equivalent","Low Opportunity",-26.9
"51-4072","Molding, Coremaking, and Casting Machine Setters, Operators, and Tenders, Metal and Plastic",150470,15900,-3.8,45960,41230,"High school diploma or equivalent","Low Opportunity",-28.5
"47-2022","Stonemasons",7820,800,-3,60710,51990,"High school diploma or equivalent","Low Opportunity",-29.5
"19-4071","Forest and Conservation Technicians",30410,3900,-3.2,59060,54310,"Associate's degree","Low Opportunity",-29.7
"19-3094","Political Scientists",5540,500,-3.1,142510,139380,"Master's degree","Low Opportunity",-30.7
"19-3092","Geographers",1400,100,-3.1,102350,97200,"Bachelor's degree","Low Opportunity",-30.9
"45-2093","Farmworkers, Farm, Ranch, and Aquacultural Animals",32810,31200,-5,39260,36150,"No formal educational credential","Declining",-31.3
"43-5051","Postal Service Clerks",73720,6100,-3.5,61860,61630,"No formal educational credential","Low Opportunity",-31.3
"51-8012","Power Distributors and Dispatchers",8520,800,-3.2,111320,107240,"High school diploma or equivalent","Low Opportunity",-31.5
"51-7021","Furniture Finishers",14480,2000,-3.3,45300,42530,"High school diploma or equivalent","Low Opportunity",-31.8
"13-1051","Cost Estimators",224220,16900,-4.2,85390,77070,"Bachelor's degree","Low Opportunity",-31.9
"53-7011","Conveyor Operators and Tenders",22930,2600,-3.4,45080,41230,"No formal educational credential","Low Opportunity",-32.4
"53-6011","Bridge and Lock Tenders",3040,300,-3.3,55370,58490,"High school diploma or equivalent","Low Opportunity",-32.8
"15-1244","Network and Computer Systems Administrators",314340,14300,-4.2,103680,96800,"Bachelor's degree","Low Opportunity",-33.4
"49-2022","Telecommunications Equipment Installers and Repairers, Except Line Installers",140920,13200,-4.2,68500,62630,"Postsecondary nondegree award","Low Opportunity",-34.1
"43-5071","Shipping, Receiving, and Inventory Clerks",816870,69300,-7.7,46810,43190,"High school diploma or equivalent","Declining",-35.4
"27-3023","News Analysts, Reporters, and Journalists",39250,4100,-3.9,102460,60280,"Bachelor's degree","Low Opportunity",-36.5
"39-3021","Motion Picture Projectionists",1480,500,-3.7,51480,38180,"No formal educational credential","Low Opportunity",-36.7
"51-6042","Shoe Machine Operators and Tenders",3280,400,-3.7,36280,38160,"High school diploma or equivalent","Low Opportunity",-36.8
"51-6041","Shoe and Leather Workers and Repairers",7450,900,-3.8,39160,35950,"High school diploma or equivalent","Low Opportunity",-37.5
"13-1031","Claims Adjusters, Examiners, and Investigators",324230,21100,-5.1,80470,76790,"High school diploma or equivalent","Declining",-38.3
"47-2151","Pipelayers",33050,2400,-4.1,54700,48710,"No formal educational credential","Low Opportunity",-39.6
"51-9012","Separating, Filtering, Clarifying, Precipitating, and Still Machine Setters, Operators, and Tenders",60100,5400,-4.3,56030,49500,"High school diploma or equivalent","Low Opportunity",-39.8
"13-2041","Credit Analysts",64390,3700,-4.4,100850,80970,"Bachelor's degree","Low Opportunity",-41.8
"51-6052","Tailors, Dressmakers, and Custom Sewers",13920,5000,-4.5,45140,40860,"No formal educational credential","Low Opportunity",-42.0
"51-7099","Woodworkers, All Other",5490,1800,-4.4,46070,41220,"High school diploma or equivalent","Low Opportunity",-42.9
"35-2015","Cooks, Short Order",138650,20600,-5.6,36120,35620,"No formal educational credential","Declining",-43.6
"31-9094","Medical Transcriptionists",41550,7400,-4.9,41710,37550,"Postsecondary nondegree award","Low Opportunity",-44.6
"51-9081","Dental Laboratory Technicians",34410,3900,-4.7,54290,48310,"High school diploma or equivalent","Low Opportunity",-44.7
"43-5111","Weighers, Measurers, Checkers, and Samplers, Recordkeeping",53300,5300,-4.8,47630,45650,"High school diploma or equivalent","Low Opportunity",-44.8
"51-7031","Model Makers, Wood",280,100,-4.5,63670,51850,"High school diploma or equivalent","Low Opportunity",-44.9
"27-4015","Lighting Technicians",8900,800,-4.6,78380,60560,"Postsecondary nondegree award","Low Opportunity",-45.5
"45-4011","Forest and Conservation Workers",6050,2000,-4.7,43680,43680,"High school diploma or equivalent","Low Opportunity",-45.8
"53-7073","Wellhead Pumpers",17990,2000,-4.7,70370,70010,"High school diploma or equivalent","Low Opportunity",-45.8
"43-6012","Legal Secretaries and Administrative Assistants",156280,19600,-5.8,60620,54140,"High school diploma or equivalent","Declining",-46.2
"51-4052","Pourers and Casters, Metal",4560,600,-4.7,54290,48940,"High school diploma or equivalent","Low Opportunity",-46.6
"45-4029","Logging Workers, All Other",1700,400,-4.7,52910,52000,"High school diploma or equivalent","Low Opportunity",-46.8
"43-3041","Gambling Cage Workers",14430,1300,-5,39510,36990,"High school diploma or equivalent","Declining",-49.2
"51-7032","Patternmakers, Wood",220,0,-5,54240,52520,"High school diploma or equivalent","Declining",-50.0
"45-2041","Graders and Sorters, Agricultural Products",25180,5100,-5.4,36430,35430,"No formal educational credential","Declining",-50.9
"19-3022","Survey Researchers",8290,700,-5.2,79580,63380,"Master's degree","Declining",-51.6
"51-9071","Jewelers and Precious Stone and Metal Workers",22440,4000,-5.5,57960,49140,"High school diploma or equivalent","Declining",-52.6
"27-3011","Broadcast Announcers and Radio Disc Jockeys",21240,2300,-5.5,78720,45680,"Bachelor's degree","Declining",-53.6
"51-4192","Layout Workers, Metal and Plastic",5970,500,-5.4,66520,61870,"High school diploma or equivalent","Declining",-53.7
"17-3012","Electrical and Electronics Drafters",17920,1700,-5.6,81280,73720,"Associate's degree","Declining",-55.0
"43-4021","Correspondence Clerks",4290,700,-5.6,48090,46740,"High school diploma or equivalent","Declining",-55.6
"27-1023","Floral Designers",40590,5100,-5.9,39520,36120,"High school diploma or equivalent","Declining",-55.9
"15-1251","Computer Programmers",92230,5500,-6,105170,98670,"Bachelor's degree","Declining",-56.7
"33-9093","Transportation Security Screeners",50290,4700,-6,64310,63360,"High school diploma or equivalent","Declining",-57.2
"51-9196","Paper Goods Machine Setters, Operators, and Tenders",96130,8100,-6.3,52840,49390,"High school diploma or equivalent","Declining",-58.1
"41-3011","Advertising Sales Agents",91700,9300,-6.4,80670,61460,"High school diploma or equivalent","Declining",-58.4
"51-8031","Water and Wastewater Treatment Plant and System Operators",128490,10700,-6.5,62540,58260,"High school diploma or equivalent","Declining",-58.6
"43-4121","Library Assistants, Clerical",85520,12800,-6.7,39370,36010,"High school diploma or equivalent","Declining",-59.3
"33-3031","Fish and Game Wardens",5770,500,-6,74950,68180,"Bachelor's degree","Declining",-59.7
"33-3012","Correctional Officers and Jailers",380500,30100,-7.8,63630,57970,"High school diploma or equivalent","Declining",-59.9
"51-8091","Chemical Plant and System Operators",16610,1600,-6.1,79970,73540,"High school diploma or equivalent","Declining",-60.0
"25-4031","Library Technicians",68690,13000,-6.8,45500,39970,"Postsecondary nondegree award","Declining",-60.2
"39-3012","Gambling and Sports Book Writers and Runners",8950,1200,-6.1,36450,30460,"High school diploma or equivalent","Declining",-60.3
"47-5049","Underground Mining Machine Operators, All Other",3180,400,-6.1,69860,67220,"No formal educational credential","Declining",-60.8
"43-4041","Credit Authorizers, Checkers, and Clerks",12030,1000,-6.2,51420,49130,"High school diploma or equivalent","Declining",-61.4
"41-2012","Gambling Change Persons and Booth Cashiers",21530,4000,-6.4,39100,34810,"No formal educational credential","Declining",-61.6
"43-9051","Mail Clerks and Mail Machine Operators, Except Postal Service",55230,6900,-6.6,41650,38150,"High school diploma or equivalent","Declining",-61.9
"51-2021","Coil Winders, Tapers, and Finishers",12840,1200,-6.3,50470,47260,"High school diploma or equivalent","Declining",-62.3
"51-9023","Mixing and Blending Machine Setters, Operators, and Tenders",94920,8800,-6.8,52090,47680,"High school diploma or equivalent","Declining",-62.7
"17-3013","Mechanical Drafters",39960,3300,-6.5,75060,68510,"Associate's degree","Declining",-63.0
"43-9199","Office and Administrative Support Workers, All Other",192260,21300,-7.8,48670,46040,"High school diploma or equivalent","Declining",-65.2
"43-4161","Human Resources Assistants, Except Payroll and Timekeeping",90220,9000,-7.1,52250,49440,"Associate's degree","Declining",-65.6
"17-3019","Drafters, All Other",14470,1300,-6.9,68250,62010,"Associate's degree","Declining",-68.2
"51-6051","Sewers, Hand",2190,700,-7,37210,33760,"No formal educational credential","Declining",-69.6
"45-4021","Fallers",3130,700,-7.3,57110,53900,"High school diploma or equivalent","Declining",-72.6
"51-5112","Printing Press Operators",144260,13700,-8.1,47360,45160,"High school diploma or equivalent","Declining",-72.8
"51-9198","Helpers--Production Workers",165700,23600,-8.9,41120,38220,"High school diploma or equivalent","Declining",-74.8
"19-4051","Nuclear Technicians",6470,700,-7.7,108940,104240,"Associate's degree","Declining",-76.6
"51-4194","Tool Grinders, Filers, and Sharpeners",5600,500,-7.8,53240,48970,"High school diploma or equivalent","Declining",-77.7
"43-5053","Postal Service Mail Sorters, Processors, and Processing Machine Operators",105200,7800,-8.4,59430,56530,"No formal educational credential","Declining",-79.3
"13-1032","Insurance Appraisers, Auto Damage",11560,500,-8.2,78900,76650,"Postsecondary nondegree award","Declining",-81.7
"51-4023","Rolling Machine Setters, Operators, and Tenders, Metal and Plastic",25250,1900,-8.3,53220,48630,"High school diploma or equivalent","Declining",-81.9
"49-9094","Locksmiths and Safe Repairers",15040,1700,-8.3,55470,50490,"High school diploma or equivalent","Declining",-82.0
"43-3061","Procurement Clerks",55810,4600,-8.7,52370,48510,"High school diploma or equivalent","Declining",-84.2
"35-2011","Cooks, Fast Food",641070,82100,-13.5,32390,30160,"No formal educational credential","Declining",-85.7
"51-8092","Gas Plant Operators",18030,1300,-8.8,88710,83400,"High school diploma or equivalent","Declining",-87.2
"51-4122","Welding, Soldering, and Brazing Machine Setters, Operators, and Tenders",31600,3200,-9,50220,47060,"High school diploma or equivalent","Declining",-88.1
"51-6064","Textile Winding, Twisting, and Drawing Out Machine Setters, Operators, and Tenders",22020,2500,-9,40120,37660,"High school diploma or equivalent","Declining",-88.5
"43-4011","Brokerage Clerks",35940,4100,-9.5,72850,62940,"High school diploma or equivalent","Declining",-92.5
"51-6099","Textile, Apparel, and Furnishings Workers, All Other",13530,1700,-9.4,40560,37010,"High school diploma or equivalent","Declining",-93.0
"51-4199","Metal Workers and Plastic Workers, All Other",15900,1700,-9.5,48580,42750,"High school diploma or equivalent","Declining",-94.0
"47-2041","Carpet Installers",13780,1100,-9.6,56990,49850,"No formal educational credential","Declining",-95.3
"43-3011","Bill and Account Collectors",158830,13700,-10.5,49060,46040,"High school diploma or equivalent","Declining",-96.8
"41-9091","Door-to-Door Sales Workers, News and Street Vendors, and Related Workers",2760,2700,-10,43850,34530,"No formal educational credential","Declining",-98.4
"51-9161","Computer Numerically Controlled Tool Operators",169450,13500,-10.7,54320,49970,"High school diploma or equivalent","Declining",-98.9
"51-6031","Sewing Machine Operators",104880,13000,-10.8,37600,36000,"No formal educational credential","Declining",-100.2
"51-6061","Textile Bleaching and Dyeing Machine Operators and Tenders",5310,700,-10.1,40380,37320,"High school diploma or equivalent","Declining",-100.6
"51-6092","Fabric and Apparel Patternmakers",2950,300,-10.2,71420,67670,"High school diploma or equivalent","Declining",-101.8
"47-3011","Helpers--Brickmasons, Blockmasons, Stonemasons, and Tile and Marble Setters",14170,1400,-10.5,50920,46480,"No formal educational credential","Declining",-104.2
"51-4111","Tool and Die Makers",56930,4700,-10.8,66860,63180,"Postsecondary nondegree award","Declining",-105.2
"43-4111","Interviewers, Except Eligibility and Loan",148060,15800,-11.6,47240,43830,"High school diploma or equivalent","Declining",-106.5
"51-8013","Power Plant Operators",29320,2500,-11.2,99790,99670,"High school diploma or equivalent","Declining",-110.5
"47-2053","Terrazzo Workers and Finishers",1180,100,-11.1,84920,57260,"High school diploma or equivalent","Declining",-110.9
"51-6063","Textile Knitting and Weaving Machine Setters, Operators, and Tenders",13030,1700,-11.2,40720,38260,"High school diploma or equivalent","Declining",-111.0
"43-3071","Tellers",329480,29800,-12.9,42350,39340,"High school diploma or equivalent","Declining",-111.1
"51-4031","Cutting, Punching, and Press Machine Setters, Operators, and Tenders, Metal and Plastic",171200,14400,-12.1,48430,45590,"High school diploma or equivalent","Declining",-112.4
"51-6062","Textile Cutting Machine Setters, Operators, and Tenders",9000,1000,-11.7,39530,37940,"High school diploma or equivalent","Declining",-116.4
"51-4033","Grinding, Lapping, Polishing, and Buffing Machine Tool Setters, Operators, and Tenders, Metal and Plastic",67000,5500,-12,48170,45190,"High school diploma or equivalent","Declining",-116.7
"43-5041","Meter Readers, Utilities",19430,1300,-12,55380,49180,"High school diploma or equivalent","Declining",-119.2
"43-9031","Desktop Publishers",3350,400,-12.4,61970,53620,"Associate's degree","Declining",-123.8
"53-7063","Machine Feeders and Offbearers",42330,4700,-13,43660,39700,"No formal educational credential","Declining",-127.2
"51-4191","Heat Treating Equipment Setters, Operators, and Tenders, Metal and Plastic",14000,1200,-12.8,50450,47450,"High school diploma or equivalent","Declining",-127.3
"43-4141","New Accounts Clerks",36860,2300,-13.2,49370,46610,"High school diploma or equivalent","Declining",-130.6
"51-6021","Pressers, Textile, Garment, and Related Materials",26120,2800,-13.5,34640,33880,"No formal educational credential","Declining",-133.3
"51-4193","Plating Machine Setters, Operators, and Tenders, Metal and Plastic",32410,2500,-13.6,45100,41600,"High school diploma or equivalent","Declining",-134.5
"25-3011","Adult Basic Education, Adult Secondary Education, and English as a Second Language Instructors",37310,3900,-13.7,65860,59950,"Bachelor's degree","Declining",-134.7
"51-4034","Lathe and Turning Machine Tool Setters, Operators, and Tenders, Metal and Plastic",16710,1500,-13.6,52490,48620,"High school diploma or equivalent","Declining",-135.1
"49-2096","Electronic Equipment Installers and Repairers, Motor Vehicles",8550,600,-13.6,51560,47940,"High school diploma or equivalent","Declining",-135.6
"51-4035","Milling and Planing Machine Setters, Operators, and Tenders, Metal and Plastic",12460,1100,-14.4,56740,48310,"High school diploma or equivalent","Declining",-143.3
"51-2011","Aircraft Structure, Surfaces, Rigging, and Systems Assemblers",34020,2800,-14.5,71420,61680,"High school diploma or equivalent","Declining",-143.3
"51-5111","Prepress Technicians and Workers",23840,2800,-14.6,50800,47300,"Postsecondary nondegree award","Declining",-144.3
"43-9071","Office Machine Operators, Except Computer",25130,2800,-15.2,43220,39020,"High school diploma or equivalent","Declining",-150.3
"49-9061","Camera and Photographic Equipment Repairers",1650,200,-15.1,56040,49300,"High school diploma or equivalent","Declining",-150.9
"51-8011","Nuclear Power Reactor Operators",5150,400,-15.3,121380,122610,"High school diploma or equivalent","Declining",-152.8
"43-4071","File Clerks",73440,7300,-15.9,45590,41270,"High school diploma or equivalent","Declining",-154.6
"43-3051","Payroll and Timekeeping Clerks",153140,13000,-16.7,59630,55290,"High school diploma or equivalent","Declining",-159.2
"51-5113","Print Binding and Finishing Workers",33180,2800,-16.1,44460,39820,"High school diploma or equivalent","Declining",-159.3
"51-2041","Structural Metal Fabricators and Fitters",52360,4100,-16.3,54030,49900,"High school diploma or equivalent","Declining",-160.5
"43-4151","Order Clerks",75200,8000,-17.2,48220,44660,"Some college, no degree","Declining",-167.2
"49-9045","Refractory Materials Repairers, Except Brickmasons",1080,100,-16.9,63770,58540,"High school diploma or equivalent","Declining",-168.9
"51-2061","Timing Device Assemblers and Adjusters",250,0,-17.5,56720,40790,"High school diploma or equivalent","Declining",-175.0
"51-9031","Cutters and Trimmers, Hand",6060,600,-18.1,41050,38800,"No formal educational credential","Declining",-180.6
"51-4061","Model Makers, Metal and Plastic",2610,300,-18.2,68570,62700,"High school diploma or equivalent","Declining",-181.8
"51-4022","Forging Machine Setters, Operators, and Tenders, Metal and Plastic",8930,600,-18.9,51680,49240,"High school diploma or equivalent","Declining",-188.6
"51-4032","Drilling and Boring Machine Tool Setters, Operators, and Tenders, Metal and Plastic",4680,400,-19.6,51810,46630,"High school diploma or equivalent","Declining",-195.8
"51-2031","Engine and Other Machine Assemblers",34000,2800,-21.1,57790,52540,"High school diploma or equivalent","Declining",-209.3
"51-9022","Grinding and Polishing Workers, Hand",10510,800,-21.2,45020,41690,"No formal educational credential","Declining",-211.5
"41-9041","Telemarketers",58430,6500,-22.1,37370,34410,"No formal educational credential","Declining",-217.1
"47-5044","Loading and Moving Machine Operators, Underground Mining",5930,500,-22.3,71240,68860,"No formal educational credential","Declining",-222.7
"51-4062","Patternmakers, Metal and Plastic",1470,100,-24.4,60610,54540,"High school diploma or equivalent","Declining",-243.9
"43-9021","Data Entry Keyers",127080,9500,-25.9,43310,39850,"High school diploma or equivalent","Declining",-253.3
"51-4071","Foundry Mold and Coremakers",12790,900,-25.9,49860,45700,"High school diploma or equivalent","Declining",-258.5
"43-2011","Switchboard Operators, Including Answering Service",34280,2800,-26.3,42300,38370,"High school diploma or equivalent","Declining",-261.3
"43-2021","Telephone Operators",3430,300,-27.5,44970,39130,"High school diploma or equivalent","Declining",-274.8
"47-5043","Roof Bolters, Mining",2160,100,-34.2,78100,76640,"High school diploma or equivalent","Declining",-341.9
"43-9022","Word Processors and Typists",35010,2200,-36.1,51120,47850,"High school diploma or equivalent","Declining",-359.7
